op_type,size
BARRIER,0
BARRIER,0
BARRIER,0
BARRIER,0
PUT,96
BARRIER,0
BARRIER,0
BARRIER,0
BARRIER,0
PUT,32
BARRIER,0
BARRIER,0
PUT,32
BARRIER,0
BARRIER,0
PUT,96
BARRIER,0
BARRIER,0
BARRIER,0
BARRIER,0
BARRIER,0
BARRIER,0
PUT,32
BARRIER,0
BARRIER,0
PUT,32
BARRIER,0
BARRIER,0
PUT,96
BARRIER,0
BARRIER,0
BARRIER,0
BARRIER,0
BARRIER,0
BARRIER,0
PUT,32
BARRIER,0
BARRIER,0
PUT,32
BARRIER,0
BARRIER,0
PUT,96
BARRIER,0
BARRIER,0
BARRIER,0
BARRIER,0
BARRIER,0
BARRIER,0
PUT,32
BARRIER,0
BARRIER,0
PUT,32
BARRIER,0
BARRIER,0
PUT,96
BARRIER,0
BARRIER,0
BARRIER,0
BARRIER,0
BARRIER,0
BARRIER,0
PUT,32
BARRIER,0
BARRIER,0
PUT,32
BARRIER,0
BARRIER,0
PUT,96
BARRIER,0
BARRIER,0
BARRIER,0
BARRIER,0
BARRIER,0
BARRIER,0
PUT,32
BARRIER,0
BARRIER,0
PUT,32
BARRIER,0
BARRIER,0
PUT,96
BARRIER,0
BARRIER,0
BARRIER,0
BARRIER,0
BARRIER,0
BARRIER,0
PUT,32
BARRIER,0
BARRIER,0
PUT,32
BARRIER,0
BARRIER,0
PUT,96
BARRIER,0
BARRIER,0
BARRIER,0
BARRIER,0
BARRIER,0
BARRIER,0
PUT,32
BARRIER,0
BARRIER,0
PUT,32
BARRIER,0
BARRIER,0
PUT,96
BARRIER,0
BARRIER,0
BARRIER,0
BARRIER,0
BARRIER,0
BARRIER,0
PUT,32
BARRIER,0
BARRIER,0
PUT,32
BARRIER,0
BARRIER,0
PUT,96
BARRIER,0
BARRIER,0
BARRIER,0
BARRIER,0
BARRIER,0
BARRIER,0
PUT,32
BARRIER,0
BARRIER,0
PUT,32
BARRIER,0
BARRIER,0
PUT,96
BARRIER,0
BARRIER,0
BARRIER,0
BARRIER,0
BARRIER,0
BARRIER,0
PUT,32
BARRIER,0
BARRIER,0
PUT,32
BARRIER,0
BARRIER,0
PUT,96
BARRIER,0
BARRIER,0
BARRIER,0
BARRIER,0
BARRIER,0
BARRIER,0
PUT,32
BARRIER,0
BARRIER,0
PUT,32
BARRIER,0
BARRIER,0
PUT,96
BARRIER,0
BARRIER,0
BARRIER,0
BARRIER,0
BARRIER,0
BARRIER,0
PUT,32
BARRIER,0
BARRIER,0
PUT,32
BARRIER,0
BARRIER,0
PUT,96
BARRIER,0
BARRIER,0
BARRIER,0
BARRIER,0
BARRIER,0
BARRIER,0
PUT,32
BARRIER,0
BARRIER,0
PUT,32
BARRIER,0
BARRIER,0
PUT,96
BARRIER,0
BARRIER,0
BARRIER,0
BARRIER,0
BARRIER,0
BARRIER,0
PUT,32
BARRIER,0
BARRIER,0
PUT,32
BARRIER,0
BARRIER,0
PUT,96
BARRIER,0
BARRIER,0
BARRIER,0
BARRIER,0
BARRIER,0
BARRIER,0
PUT,32
BARRIER,0
BARRIER,0
PUT,32
BARRIER,0
BARRIER,0
PUT,96
BARRIER,0
BARRIER,0
BARRIER,0
BARRIER,0
BARRIER,0
BARRIER,0
PUT,32
BARRIER,0
BARRIER,0
PUT,32
BARRIER,0
BARRIER,0
PUT,96
BARRIER,0
BARRIER,0
BARRIER,0
BARRIER,0
BARRIER,0
BARRIER,0
PUT,32
BARRIER,0
BARRIER,0
PUT,32
BARRIER,0
BARRIER,0
PUT,96
BARRIER,0
BARRIER,0
BARRIER,0
BARRIER,0
BARRIER,0
BARRIER,0
PUT,32
BARRIER,0
BARRIER,0
PUT,32
BARRIER,0
BARRIER,0
PUT,96
BARRIER,0
BARRIER,0
BARRIER,0
BARRIER,0
BARRIER,0
BARRIER,0
PUT,32
BARRIER,0
BARRIER,0
PUT,32
BARRIER,0
BARRIER,0
PUT,96
BARRIER,0
BARRIER,0
BARRIER,0
BARRIER,0
BARRIER,0
BARRIER,0
PUT,32
BARRIER,0
BARRIER,0
PUT,32
BARRIER,0
BARRIER,0
PUT,96
BARRIER,0
BARRIER,0
BARRIER,0
BARRIER,0
BARRIER,0
BARRIER,0
PUT,32
BARRIER,0
BARRIER,0
PUT,32
BARRIER,0
BARRIER,0
PUT,96
BARRIER,0
BARRIER,0
BARRIER,0
BARRIER,0
BARRIER,0
BARRIER,0
PUT,32
BARRIER,0
BARRIER,0
PUT,32
BARRIER,0
BARRIER,0
PUT,96
BARRIER,0
BARRIER,0
BARRIER,0
BARRIER,0
BARRIER,0
BARRIER,0
PUT,32
BARRIER,0
BARRIER,0
PUT,32
BARRIER,0
BARRIER,0
PUT,96
BARRIER,0
BARRIER,0
BARRIER,0
BARRIER,0
BARRIER,0
BARRIER,0
PUT,32
BARRIER,0
BARRIER,0
PUT,32
BARRIER,0
BARRIER,0
PUT,96
BARRIER,0
BARRIER,0
BARRIER,0
BARRIER,0
BARRIER,0
BARRIER,0
PUT,32
BARRIER,0
BARRIER,0
PUT,32
BARRIER,0
BARRIER,0
PUT,96
BARRIER,0
BARRIER,0
BARRIER,0
BARRIER,0
BARRIER,0
BARRIER,0
PUT,32
BARRIER,0
BARRIER,0
PUT,32
BARRIER,0
BARRIER,0
PUT,96
BARRIER,0
BARRIER,0
BARRIER,0
BARRIER,0
BARRIER,0
BARRIER,0
PUT,32
BARRIER,0
BARRIER,0
PUT,32
BARRIER,0
BARRIER,0
PUT,96
BARRIER,0
BARRIER,0
BARRIER,0
BARRIER,0
BARRIER,0
BARRIER,0
PUT,32
BARRIER,0
BARRIER,0
PUT,32
BARRIER,0
BARRIER,0
PUT,96
BARRIER,0
BARRIER,0
BARRIER,0
BARRIER,0
BARRIER,0
BARRIER,0
PUT,32
BARRIER,0
BARRIER,0
PUT,32
BARRIER,0
BARRIER,0
PUT,96
BARRIER,0
BARRIER,0
BARRIER,0
BARRIER,0
BARRIER,0
BARRIER,0
PUT,32
BARRIER,0
BARRIER,0
PUT,32
BARRIER,0
BARRIER,0
PUT,96
BARRIER,0
BARRIER,0
BARRIER,0
BARRIER,0
BARRIER,0
BARRIER,0
PUT,32
BARRIER,0
BARRIER,0
PUT,32
BARRIER,0
BARRIER,0
PUT,96
BARRIER,0
BARRIER,0
BARRIER,0
BARRIER,0
BARRIER,0
BARRIER,0
PUT,32
BARRIER,0
BARRIER,0
PUT,32
BARRIER,0
BARRIER,0
PUT,96
BARRIER,0
BARRIER,0
BARRIER,0
BARRIER,0
BARRIER,0
BARRIER,0
PUT,32
BARRIER,0
BARRIER,0
PUT,32
BARRIER,0
BARRIER,0
PUT,96
BARRIER,0
BARRIER,0
BARRIER,0
BARRIER,0
BARRIER,0
BARRIER,0
PUT,32
BARRIER,0
BARRIER,0
PUT,32
BARRIER,0
BARRIER,0
PUT,96
BARRIER,0
BARRIER,0
BARRIER,0
BARRIER,0
BARRIER,0
BARRIER,0
PUT,32
BARRIER,0
BARRIER,0
PUT,32
BARRIER,0
BARRIER,0
PUT,96
BARRIER,0
BARRIER,0
BARRIER,0
BARRIER,0
BARRIER,0
BARRIER,0
PUT,32
BARRIER,0
BARRIER,0
PUT,32
BARRIER,0
BARRIER,0
PUT,96
BARRIER,0
BARRIER,0
BARRIER,0
BARRIER,0
BARRIER,0
BARRIER,0
PUT,32
BARRIER,0
BARRIER,0
PUT,32
BARRIER,0
BARRIER,0
PUT,96
BARRIER,0
BARRIER,0
BARRIER,0
BARRIER,0
BARRIER,0
BARRIER,0
PUT,32
BARRIER,0
BARRIER,0
PUT,32
BARRIER,0
BARRIER,0
PUT,96
BARRIER,0
BARRIER,0
BARRIER,0
BARRIER,0
BARRIER,0
BARRIER,0
PUT,32
BARRIER,0
BARRIER,0
PUT,32
BARRIER,0
BARRIER,0
PUT,96
BARRIER,0
BARRIER,0
BARRIER,0
BARRIER,0
BARRIER,0
BARRIER,0
PUT,32
BARRIER,0
BARRIER,0
PUT,32
BARRIER,0
BARRIER,0
PUT,96
BARRIER,0
BARRIER,0
BARRIER,0
BARRIER,0
BARRIER,0
BARRIER,0
PUT,32
BARRIER,0
BARRIER,0
PUT,32
BARRIER,0
BARRIER,0
PUT,96
BARRIER,0
BARRIER,0
BARRIER,0
BARRIER,0
BARRIER,0
BARRIER,0
PUT,32
BARRIER,0
BARRIER,0
PUT,32
BARRIER,0
BARRIER,0
PUT,96
BARRIER,0
BARRIER,0
BARRIER,0
BARRIER,0
BARRIER,0
BARRIER,0
PUT,32
BARRIER,0
BARRIER,0
PUT,32
BARRIER,0
BARRIER,0
PUT,96
BARRIER,0
BARRIER,0
BARRIER,0
BARRIER,0
BARRIER,0
BARRIER,0
PUT,32
BARRIER,0
BARRIER,0
PUT,32
BARRIER,0
BARRIER,0
PUT,96
BARRIER,0
BARRIER,0
BARRIER,0
BARRIER,0
BARRIER,0
BARRIER,0
PUT,32
BARRIER,0
BARRIER,0
PUT,32
BARRIER,0
BARRIER,0
PUT,96
BARRIER,0
BARRIER,0
BARRIER,0
BARRIER,0
BARRIER,0
BARRIER,0
PUT,32
BARRIER,0
BARRIER,0
PUT,32
BARRIER,0
BARRIER,0
PUT,96
BARRIER,0
BARRIER,0
BARRIER,0
BARRIER,0
BARRIER,0
BARRIER,0
PUT,32
BARRIER,0
BARRIER,0
PUT,32
BARRIER,0
BARRIER,0
PUT,96
BARRIER,0
BARRIER,0
BARRIER,0
BARRIER,0
BARRIER,0
BARRIER,0
PUT,32
BARRIER,0
BARRIER,0
PUT,32
BARRIER,0
BARRIER,0
PUT,96
BARRIER,0
BARRIER,0
BARRIER,0
BARRIER,0
BARRIER,0
BARRIER,0
PUT,32
BARRIER,0
BARRIER,0
PUT,32
BARRIER,0
BARRIER,0
PUT,96
BARRIER,0
BARRIER,0
BARRIER,0
BARRIER,0
BARRIER,0
BARRIER,0
PUT,32
BARRIER,0
BARRIER,0
PUT,32
BARRIER,0
BARRIER,0
PUT,96
BARRIER,0
BARRIER,0
BARRIER,0
BARRIER,0
BARRIER,0
BARRIER,0
PUT,32
BARRIER,0
BARRIER,0
PUT,32
BARRIER,0
BARRIER,0
PUT,96
BARRIER,0
BARRIER,0
BARRIER,0
BARRIER,0
BARRIER,0
BARRIER,0
PUT,32
BARRIER,0
BARRIER,0
PUT,32
BARRIER,0
BARRIER,0
PUT,96
BARRIER,0
BARRIER,0
BARRIER,0
BARRIER,0
BARRIER,0
BARRIER,0
PUT,32
BARRIER,0
BARRIER,0
PUT,32
BARRIER,0
BARRIER,0
PUT,96
BARRIER,0
BARRIER,0
BARRIER,0
BARRIER,0
BARRIER,0
BARRIER,0
PUT,32
BARRIER,0
BARRIER,0
PUT,32
BARRIER,0
BARRIER,0
PUT,96
BARRIER,0
BARRIER,0
BARRIER,0
BARRIER,0
BARRIER,0
BARRIER,0
PUT,32
BARRIER,0
BARRIER,0
PUT,32
BARRIER,0
BARRIER,0
PUT,96
BARRIER,0
BARRIER,0
BARRIER,0
BARRIER,0
BARRIER,0
BARRIER,0
PUT,32
BARRIER,0
BARRIER,0
PUT,32
BARRIER,0
BARRIER,0
PUT,96
BARRIER,0
BARRIER,0
BARRIER,0
BARRIER,0
BARRIER,0
BARRIER,0
PUT,32
BARRIER,0
BARRIER,0
PUT,32
BARRIER,0
BARRIER,0
PUT,96
BARRIER,0
BARRIER,0
BARRIER,0
BARRIER,0
BARRIER,0
BARRIER,0
PUT,32
BARRIER,0
BARRIER,0
PUT,32
BARRIER,0
BARRIER,0
PUT,96
BARRIER,0
BARRIER,0
BARRIER,0
BARRIER,0
BARRIER,0
BARRIER,0
PUT,32
BARRIER,0
BARRIER,0
PUT,32
BARRIER,0
BARRIER,0
PUT,96
BARRIER,0
BARRIER,0
BARRIER,0
BARRIER,0
BARRIER,0
BARRIER,0
PUT,32
BARRIER,0
BARRIER,0
PUT,32
BARRIER,0
BARRIER,0
PUT,96
BARRIER,0
BARRIER,0
BARRIER,0
BARRIER,0
BARRIER,0
BARRIER,0
PUT,32
BARRIER,0
BARRIER,0
PUT,32
BARRIER,0
BARRIER,0
PUT,96
BARRIER,0
BARRIER,0
BARRIER,0
BARRIER,0
BARRIER,0
BARRIER,0
PUT,32
BARRIER,0
BARRIER,0
PUT,32
BARRIER,0
BARRIER,0
PUT,96
BARRIER,0
BARRIER,0
BARRIER,0
BARRIER,0
BARRIER,0
BARRIER,0
PUT,32
BARRIER,0
BARRIER,0
PUT,32
BARRIER,0
BARRIER,0
PUT,96
BARRIER,0
BARRIER,0
BARRIER,0
BARRIER,0
BARRIER,0
BARRIER,0
PUT,32
BARRIER,0
BARRIER,0
PUT,32
BARRIER,0
BARRIER,0
PUT,96
BARRIER,0
BARRIER,0
BARRIER,0
BARRIER,0
BARRIER,0
BARRIER,0
PUT,32
BARRIER,0
BARRIER,0
PUT,32
BARRIER,0
BARRIER,0
PUT,96
BARRIER,0
BARRIER,0
BARRIER,0
BARRIER,0
BARRIER,0
BARRIER,0
PUT,32
BARRIER,0
BARRIER,0
PUT,32
BARRIER,0
BARRIER,0
PUT,96
BARRIER,0
BARRIER,0
BARRIER,0
BARRIER,0
BARRIER,0
BARRIER,0
PUT,32
BARRIER,0
BARRIER,0
PUT,32
BARRIER,0
BARRIER,0
PUT,96
BARRIER,0
BARRIER,0
BARRIER,0
BARRIER,0
BARRIER,0
BARRIER,0
PUT,32
BARRIER,0
BARRIER,0
PUT,32
BARRIER,0
BARRIER,0
PUT,96
BARRIER,0
BARRIER,0
BARRIER,0
BARRIER,0
BARRIER,0
BARRIER,0
PUT,32
BARRIER,0
BARRIER,0
PUT,32
BARRIER,0
BARRIER,0
PUT,96
BARRIER,0
BARRIER,0
BARRIER,0
BARRIER,0
BARRIER,0
BARRIER,0
PUT,32
BARRIER,0
BARRIER,0
PUT,32
BARRIER,0
BARRIER,0
PUT,96
BARRIER,0
BARRIER,0
BARRIER,0
BARRIER,0
BARRIER,0
BARRIER,0
PUT,32
BARRIER,0
BARRIER,0
PUT,32
BARRIER,0
BARRIER,0
PUT,96
BARRIER,0
BARRIER,0
BARRIER,0
BARRIER,0
BARRIER,0
BARRIER,0
PUT,32
BARRIER,0
BARRIER,0
PUT,32
BARRIER,0
BARRIER,0
PUT,96
BARRIER,0
BARRIER,0
BARRIER,0
BARRIER,0
BARRIER,0
BARRIER,0
PUT,32
BARRIER,0
BARRIER,0
PUT,32
BARRIER,0
BARRIER,0
PUT,96
BARRIER,0
BARRIER,0
BARRIER,0
BARRIER,0
BARRIER,0
BARRIER,0
PUT,32
BARRIER,0
BARRIER,0
PUT,32
BARRIER,0
BARRIER,0
PUT,96
BARRIER,0
BARRIER,0
BARRIER,0
BARRIER,0
BARRIER,0
BARRIER,0
PUT,32
BARRIER,0
BARRIER,0
PUT,32
BARRIER,0
BARRIER,0
PUT,96
BARRIER,0
BARRIER,0
BARRIER,0
BARRIER,0
BARRIER,0
BARRIER,0
PUT,32
BARRIER,0
BARRIER,0
PUT,32
BARRIER,0
BARRIER,0
PUT,96
BARRIER,0
BARRIER,0
BARRIER,0
BARRIER,0
BARRIER,0
BARRIER,0
PUT,32
BARRIER,0
BARRIER,0
PUT,32
BARRIER,0
BARRIER,0
PUT,96
BARRIER,0
BARRIER,0
BARRIER,0
BARRIER,0
BARRIER,0
BARRIER,0
PUT,32
BARRIER,0
BARRIER,0
PUT,32
BARRIER,0
BARRIER,0
PUT,96
BARRIER,0
BARRIER,0
BARRIER,0
BARRIER,0
BARRIER,0
BARRIER,0
PUT,32
BARRIER,0
BARRIER,0
PUT,32
BARRIER,0
BARRIER,0
PUT,96
BARRIER,0
BARRIER,0
BARRIER,0
BARRIER,0
BARRIER,0
BARRIER,0
PUT,32
BARRIER,0
BARRIER,0
PUT,32
BARRIER,0
BARRIER,0
PUT,96
BARRIER,0
BARRIER,0
BARRIER,0
BARRIER,0
BARRIER,0
BARRIER,0
PUT,32
BARRIER,0
BARRIER,0
PUT,32
BARRIER,0
BARRIER,0
PUT,96
BARRIER,0
BARRIER,0
BARRIER,0
BARRIER,0
BARRIER,0
BARRIER,0
PUT,32
BARRIER,0
BARRIER,0
PUT,32
BARRIER,0
BARRIER,0
PUT,96
BARRIER,0
BARRIER,0
BARRIER,0
BARRIER,0
BARRIER,0
BARRIER,0
PUT,32
BARRIER,0
BARRIER,0
PUT,32
BARRIER,0
BARRIER,0
PUT,96
BARRIER,0
BARRIER,0
BARRIER,0
BARRIER,0
BARRIER,0
BARRIER,0
PUT,32
BARRIER,0
BARRIER,0
PUT,32
BARRIER,0
BARRIER,0
PUT,96
BARRIER,0
BARRIER,0
BARRIER,0
BARRIER,0
BARRIER,0
BARRIER,0
PUT,32
BARRIER,0
BARRIER,0
PUT,32
BARRIER,0
BARRIER,0
PUT,96
BARRIER,0
BARRIER,0
BARRIER,0
BARRIER,0
BARRIER,0
BARRIER,0
PUT,32
BARRIER,0
BARRIER,0
PUT,32
BARRIER,0
BARRIER,0
PUT,96
BARRIER,0
BARRIER,0
BARRIER,0
BARRIER,0
BARRIER,0
BARRIER,0
PUT,32
BARRIER,0
BARRIER,0
PUT,32
BARRIER,0
BARRIER,0
PUT,96
BARRIER,0
BARRIER,0
BARRIER,0
BARRIER,0
BARRIER,0
BARRIER,0
PUT,32
BARRIER,0
BARRIER,0
PUT,32
BARRIER,0
BARRIER,0
PUT,96
BARRIER,0
BARRIER,0
BARRIER,0
BARRIER,0
BARRIER,0
BARRIER,0
PUT,32
BARRIER,0
BARRIER,0
PUT,32
BARRIER,0
BARRIER,0
PUT,96
BARRIER,0
BARRIER,0
BARRIER,0
BARRIER,0
BARRIER,0
BARRIER,0
PUT,32
BARRIER,0
BARRIER,0
PUT,32
BARRIER,0
BARRIER,0
PUT,96
BARRIER,0
BARRIER,0
BARRIER,0
BARRIER,0
BARRIER,0
BARRIER,0
PUT,32
BARRIER,0
BARRIER,0
PUT,32
BARRIER,0
BARRIER,0
PUT,96
BARRIER,0
BARRIER,0
BARRIER,0
BARRIER,0
BARRIER,0
BARRIER,0
PUT,32
BARRIER,0
BARRIER,0
PUT,32
BARRIER,0
BARRIER,0
PUT,96
BARRIER,0
BARRIER,0
BARRIER,0
BARRIER,0
BARRIER,0
BARRIER,0
PUT,32
BARRIER,0
BARRIER,0
PUT,32
BARRIER,0
BARRIER,0
PUT,96
BARRIER,0
BARRIER,0
BARRIER,0
BARRIER,0
BARRIER,0
BARRIER,0
PUT,32
BARRIER,0
BARRIER,0
PUT,32
BARRIER,0
BARRIER,0
PUT,96
BARRIER,0
BARRIER,0
BARRIER,0
BARRIER,0
BARRIER,0
BARRIER,0
PUT,32
BARRIER,0
BARRIER,0
PUT,32
BARRIER,0
BARRIER,0
PUT,96
BARRIER,0
BARRIER,0
BARRIER,0
BARRIER,0
BARRIER,0
BARRIER,0
PUT,32
BARRIER,0
BARRIER,0
PUT,32
BARRIER,0
BARRIER,0
PUT,96
BARRIER,0
BARRIER,0
BARRIER,0
BARRIER,0
BARRIER,0
BARRIER,0
PUT,32
BARRIER,0
BARRIER,0
PUT,32
BARRIER,0
BARRIER,0
PUT,96
BARRIER,0
BARRIER,0
BARRIER,0
BARRIER,0
BARRIER,0
BARRIER,0
PUT,32
BARRIER,0
BARRIER,0
PUT,32
BARRIER,0
BARRIER,0
PUT,96
BARRIER,0
BARRIER,0
BARRIER,0
BARRIER,0
BARRIER,0
BARRIER,0
PUT,32
BARRIER,0
BARRIER,0
PUT,32
BARRIER,0
BARRIER,0
PUT,96
BARRIER,0
BARRIER,0
BARRIER,0
BARRIER,0
BARRIER,0
BARRIER,0
PUT,32
BARRIER,0
BARRIER,0
PUT,32
BARRIER,0
BARRIER,0
PUT,96
BARRIER,0
BARRIER,0
BARRIER,0
BARRIER,0
BARRIER,0
BARRIER,0
PUT,32
BARRIER,0
BARRIER,0
PUT,32
BARRIER,0
BARRIER,0
PUT,96
BARRIER,0
BARRIER,0
BARRIER,0
BARRIER,0
BARRIER,0
BARRIER,0
PUT,32
BARRIER,0
BARRIER,0
PUT,32
BARRIER,0
BARRIER,0
PUT,96
BARRIER,0
BARRIER,0
BARRIER,0
BARRIER,0
BARRIER,0
BARRIER,0
PUT,32
BARRIER,0
BARRIER,0
PUT,32
BARRIER,0
BARRIER,0
PUT,96
BARRIER,0
BARRIER,0
BARRIER,0
BARRIER,0
BARRIER,0
BARRIER,0
PUT,32
BARRIER,0
BARRIER,0
PUT,32
BARRIER,0
BARRIER,0
PUT,96
BARRIER,0
BARRIER,0
BARRIER,0
BARRIER,0
BARRIER,0
BARRIER,0
PUT,32
BARRIER,0
BARRIER,0
PUT,32
BARRIER,0
BARRIER,0
PUT,96
BARRIER,0
BARRIER,0
BARRIER,0
BARRIER,0
BARRIER,0
BARRIER,0
PUT,32
BARRIER,0
BARRIER,0
PUT,32
BARRIER,0
BARRIER,0
PUT,96
BARRIER,0
BARRIER,0
BARRIER,0
BARRIER,0
BARRIER,0
BARRIER,0
PUT,32
BARRIER,0
BARRIER,0
PUT,32
BARRIER,0
BARRIER,0
PUT,96
BARRIER,0
BARRIER,0
BARRIER,0
BARRIER,0
BARRIER,0
BARRIER,0
PUT,32
BARRIER,0
BARRIER,0
PUT,32
BARRIER,0
BARRIER,0
PUT,96
BARRIER,0
BARRIER,0
BARRIER,0
BARRIER,0
BARRIER,0
BARRIER,0
PUT,32
BARRIER,0
BARRIER,0
PUT,32
BARRIER,0
BARRIER,0
PUT,96
BARRIER,0
BARRIER,0
BARRIER,0
BARRIER,0
BARRIER,0
BARRIER,0
PUT,32
BARRIER,0
BARRIER,0
PUT,32
BARRIER,0
BARRIER,0
PUT,96
BARRIER,0
BARRIER,0
BARRIER,0
BARRIER,0
BARRIER,0
BARRIER,0
PUT,32
BARRIER,0
BARRIER,0
PUT,32
BARRIER,0
BARRIER,0
PUT,96
BARRIER,0
BARRIER,0
BARRIER,0
BARRIER,0
BARRIER,0
BARRIER,0
PUT,32
BARRIER,0
BARRIER,0
PUT,32
BARRIER,0
BARRIER,0
PUT,96
BARRIER,0
BARRIER,0
BARRIER,0
BARRIER,0
BARRIER,0
BARRIER,0
PUT,32
BARRIER,0
BARRIER,0
PUT,32
BARRIER,0
BARRIER,0
PUT,96
BARRIER,0
BARRIER,0
BARRIER,0
BARRIER,0
BARRIER,0
BARRIER,0
PUT,32
BARRIER,0
BARRIER,0
PUT,32
BARRIER,0
BARRIER,0
PUT,96
BARRIER,0
BARRIER,0
BARRIER,0
BARRIER,0
BARRIER,0
BARRIER,0
PUT,32
BARRIER,0
BARRIER,0
PUT,32
BARRIER,0
BARRIER,0
PUT,96
BARRIER,0
BARRIER,0
BARRIER,0
BARRIER,0
BARRIER,0
BARRIER,0
PUT,32
BARRIER,0
BARRIER,0
PUT,32
BARRIER,0
BARRIER,0
PUT,96
BARRIER,0
BARRIER,0
BARRIER,0
BARRIER,0
BARRIER,0
BARRIER,0
PUT,32
BARRIER,0
BARRIER,0
PUT,32
BARRIER,0
BARRIER,0
PUT,96
BARRIER,0
BARRIER,0
BARRIER,0
BARRIER,0
BARRIER,0
BARRIER,0
PUT,32
BARRIER,0
BARRIER,0
PUT,32
BARRIER,0
BARRIER,0
PUT,96
BARRIER,0
BARRIER,0
BARRIER,0
BARRIER,0
BARRIER,0
BARRIER,0
PUT,32
BARRIER,0
BARRIER,0
PUT,32
BARRIER,0
BARRIER,0
PUT,96
BARRIER,0
BARRIER,0
BARRIER,0
BARRIER,0
BARRIER,0
BARRIER,0
PUT,32
BARRIER,0
BARRIER,0
PUT,32
BARRIER,0
BARRIER,0
PUT,96
BARRIER,0
BARRIER,0
BARRIER,0
BARRIER,0
BARRIER,0
BARRIER,0
PUT,32
BARRIER,0
BARRIER,0
PUT,32
BARRIER,0
BARRIER,0
PUT,96
BARRIER,0
BARRIER,0
BARRIER,0
BARRIER,0
BARRIER,0
BARRIER,0
PUT,32
BARRIER,0
BARRIER,0
PUT,32
BARRIER,0
BARRIER,0
PUT,96
BARRIER,0
BARRIER,0
BARRIER,0
BARRIER,0
BARRIER,0
BARRIER,0
PUT,32
BARRIER,0
BARRIER,0
PUT,32
BARRIER,0
BARRIER,0
PUT,96
BARRIER,0
BARRIER,0
BARRIER,0
BARRIER,0
BARRIER,0
BARRIER,0
PUT,32
BARRIER,0
BARRIER,0
PUT,32
BARRIER,0
BARRIER,0
PUT,96
BARRIER,0
BARRIER,0
BARRIER,0
BARRIER,0
BARRIER,0
BARRIER,0
PUT,32
BARRIER,0
BARRIER,0
PUT,32
BARRIER,0
BARRIER,0
PUT,96
BARRIER,0
BARRIER,0
BARRIER,0
BARRIER,0
BARRIER,0
BARRIER,0
PUT,32
BARRIER,0
BARRIER,0
PUT,32
BARRIER,0
BARRIER,0
PUT,96
BARRIER,0
BARRIER,0
BARRIER,0
BARRIER,0
BARRIER,0
BARRIER,0
PUT,32
BARRIER,0
BARRIER,0
PUT,32
BARRIER,0
BARRIER,0
PUT,96
BARRIER,0
BARRIER,0
BARRIER,0
BARRIER,0
BARRIER,0
BARRIER,0
PUT,32
BARRIER,0
BARRIER,0
PUT,32
BARRIER,0
BARRIER,0
PUT,96
BARRIER,0
BARRIER,0
BARRIER,0
BARRIER,0
BARRIER,0
BARRIER,0
PUT,32
BARRIER,0
BARRIER,0
PUT,32
BARRIER,0
BARRIER,0
PUT,96
BARRIER,0
BARRIER,0
BARRIER,0
BARRIER,0
BARRIER,0
BARRIER,0
PUT,32
BARRIER,0
BARRIER,0
PUT,32
BARRIER,0
BARRIER,0
PUT,96
BARRIER,0
BARRIER,0
BARRIER,0
BARRIER,0
BARRIER,0
BARRIER,0
PUT,32
BARRIER,0
BARRIER,0
PUT,32
BARRIER,0
BARRIER,0
PUT,96
BARRIER,0
BARRIER,0
BARRIER,0
BARRIER,0
BARRIER,0
BARRIER,0
PUT,32
BARRIER,0
BARRIER,0
PUT,32
BARRIER,0
BARRIER,0
PUT,96
BARRIER,0
BARRIER,0
BARRIER,0
BARRIER,0
BARRIER,0
BARRIER,0
PUT,32
BARRIER,0
BARRIER,0
PUT,32
BARRIER,0
BARRIER,0
PUT,96
BARRIER,0
BARRIER,0
BARRIER,0
BARRIER,0
BARRIER,0
BARRIER,0
PUT,32
BARRIER,0
BARRIER,0
PUT,32
BARRIER,0
BARRIER,0
PUT,96
BARRIER,0
BARRIER,0
BARRIER,0
BARRIER,0
BARRIER,0
BARRIER,0
PUT,32
BARRIER,0
BARRIER,0
PUT,32
BARRIER,0
BARRIER,0
PUT,96
BARRIER,0
BARRIER,0
BARRIER,0
BARRIER,0
BARRIER,0
BARRIER,0
PUT,32
BARRIER,0
BARRIER,0
PUT,32
BARRIER,0
BARRIER,0
PUT,96
BARRIER,0
BARRIER,0
BARRIER,0
BARRIER,0
BARRIER,0
BARRIER,0
PUT,32
BARRIER,0
BARRIER,0
PUT,32
BARRIER,0
BARRIER,0
PUT,96
BARRIER,0
BARRIER,0
BARRIER,0
BARRIER,0
BARRIER,0
BARRIER,0
PUT,32
BARRIER,0
BARRIER,0
PUT,32
BARRIER,0
BARRIER,0
PUT,96
BARRIER,0
BARRIER,0
BARRIER,0
BARRIER,0
BARRIER,0
BARRIER,0
PUT,32
BARRIER,0
BARRIER,0
PUT,32
BARRIER,0
BARRIER,0
PUT,96
BARRIER,0
BARRIER,0
BARRIER,0
BARRIER,0
BARRIER,0
BARRIER,0
PUT,32
BARRIER,0
BARRIER,0
PUT,32
BARRIER,0
BARRIER,0
PUT,96
BARRIER,0
BARRIER,0
BARRIER,0
BARRIER,0
BARRIER,0
BARRIER,0
PUT,32
BARRIER,0
BARRIER,0
PUT,32
BARRIER,0
BARRIER,0
PUT,96
BARRIER,0
BARRIER,0
BARRIER,0
BARRIER,0
BARRIER,0
BARRIER,0
PUT,32
BARRIER,0
BARRIER,0
PUT,32
BARRIER,0
BARRIER,0
PUT,96
BARRIER,0
BARRIER,0
BARRIER,0
BARRIER,0
BARRIER,0
BARRIER,0
PUT,32
BARRIER,0
BARRIER,0
PUT,32
BARRIER,0
BARRIER,0
PUT,96
BARRIER,0
BARRIER,0
BARRIER,0
BARRIER,0
BARRIER,0
BARRIER,0
PUT,32
BARRIER,0
BARRIER,0
PUT,32
BARRIER,0
BARRIER,0
PUT,96
BARRIER,0
BARRIER,0
BARRIER,0
BARRIER,0
BARRIER,0
BARRIER,0
PUT,32
BARRIER,0
BARRIER,0
PUT,32
BARRIER,0
BARRIER,0
PUT,96
BARRIER,0
BARRIER,0
BARRIER,0
BARRIER,0
BARRIER,0
BARRIER,0
PUT,32
BARRIER,0
BARRIER,0
PUT,32
BARRIER,0
BARRIER,0
PUT,96
BARRIER,0
BARRIER,0
BARRIER,0
BARRIER,0
BARRIER,0
BARRIER,0
PUT,32
BARRIER,0
BARRIER,0
PUT,32
BARRIER,0
BARRIER,0
PUT,96
BARRIER,0
BARRIER,0
BARRIER,0
BARRIER,0
BARRIER,0
BARRIER,0
PUT,32
BARRIER,0
BARRIER,0
PUT,32
BARRIER,0
BARRIER,0
PUT,96
BARRIER,0
BARRIER,0
BARRIER,0
BARRIER,0
BARRIER,0
BARRIER,0
PUT,32
BARRIER,0
BARRIER,0
PUT,32
BARRIER,0
BARRIER,0
PUT,96
BARRIER,0
BARRIER,0
BARRIER,0
BARRIER,0
BARRIER,0
BARRIER,0
PUT,32
BARRIER,0
BARRIER,0
PUT,32
BARRIER,0
BARRIER,0
PUT,96
BARRIER,0
BARRIER,0
BARRIER,0
BARRIER,0
BARRIER,0
BARRIER,0
PUT,32
BARRIER,0
BARRIER,0
PUT,32
BARRIER,0
BARRIER,0
PUT,96
BARRIER,0
BARRIER,0
BARRIER,0
BARRIER,0
BARRIER,0
BARRIER,0
PUT,32
BARRIER,0
BARRIER,0
PUT,32
BARRIER,0
BARRIER,0
PUT,96
BARRIER,0
BARRIER,0
BARRIER,0
BARRIER,0
BARRIER,0
BARRIER,0
PUT,32
BARRIER,0
BARRIER,0
PUT,32
BARRIER,0
BARRIER,0
PUT,96
BARRIER,0
BARRIER,0
BARRIER,0
BARRIER,0
BARRIER,0
BARRIER,0
PUT,32
BARRIER,0
BARRIER,0
PUT,32
BARRIER,0
BARRIER,0
PUT,96
BARRIER,0
BARRIER,0
BARRIER,0
BARRIER,0
BARRIER,0
BARRIER,0
PUT,32
BARRIER,0
BARRIER,0
PUT,32
BARRIER,0
BARRIER,0
PUT,96
BARRIER,0
BARRIER,0
BARRIER,0
BARRIER,0
BARRIER,0
BARRIER,0
PUT,32
BARRIER,0
BARRIER,0
PUT,32
BARRIER,0
BARRIER,0
PUT,96
BARRIER,0
BARRIER,0
BARRIER,0
BARRIER,0
BARRIER,0
BARRIER,0
PUT,32
BARRIER,0
BARRIER,0
PUT,32
BARRIER,0
BARRIER,0
PUT,96
BARRIER,0
BARRIER,0
BARRIER,0
BARRIER,0
BARRIER,0
BARRIER,0
PUT,32
BARRIER,0
BARRIER,0
PUT,32
BARRIER,0
BARRIER,0
PUT,96
BARRIER,0
BARRIER,0
BARRIER,0
BARRIER,0
BARRIER,0
BARRIER,0
PUT,32
BARRIER,0
BARRIER,0
PUT,32
BARRIER,0
BARRIER,0
PUT,96
BARRIER,0
BARRIER,0
BARRIER,0
BARRIER,0
BARRIER,0
BARRIER,0
PUT,32
BARRIER,0
BARRIER,0
PUT,32
BARRIER,0
BARRIER,0
PUT,96
BARRIER,0
BARRIER,0
BARRIER,0
BARRIER,0
BARRIER,0
BARRIER,0
PUT,32
BARRIER,0
BARRIER,0
PUT,32
BARRIER,0
BARRIER,0
PUT,96
BARRIER,0
BARRIER,0
BARRIER,0
BARRIER,0
BARRIER,0
BARRIER,0
PUT,32
BARRIER,0
BARRIER,0
PUT,32
BARRIER,0
BARRIER,0
PUT,96
BARRIER,0
BARRIER,0
BARRIER,0
BARRIER,0
BARRIER,0
BARRIER,0
PUT,32
BARRIER,0
BARRIER,0
PUT,32
BARRIER,0
BARRIER,0
PUT,96
BARRIER,0
BARRIER,0
BARRIER,0
BARRIER,0
BARRIER,0
BARRIER,0
PUT,32
BARRIER,0
BARRIER,0
PUT,32
BARRIER,0
BARRIER,0
PUT,96
BARRIER,0
BARRIER,0
BARRIER,0
BARRIER,0
BARRIER,0
BARRIER,0
PUT,32
BARRIER,0
BARRIER,0
PUT,32
BARRIER,0
BARRIER,0
PUT,96
BARRIER,0
BARRIER,0
BARRIER,0
BARRIER,0
BARRIER,0
BARRIER,0
PUT,32
BARRIER,0
BARRIER,0
PUT,32
BARRIER,0
BARRIER,0
PUT,96
BARRIER,0
BARRIER,0
BARRIER,0
BARRIER,0
BARRIER,0
BARRIER,0
PUT,32
BARRIER,0
BARRIER,0
PUT,32
BARRIER,0
BARRIER,0
PUT,96
BARRIER,0
BARRIER,0
BARRIER,0
BARRIER,0
BARRIER,0
BARRIER,0
PUT,32
BARRIER,0
BARRIER,0
PUT,32
BARRIER,0
BARRIER,0
PUT,96
BARRIER,0
BARRIER,0
BARRIER,0
BARRIER,0
BARRIER,0
BARRIER,0
PUT,32
BARRIER,0
BARRIER,0
PUT,32
BARRIER,0
BARRIER,0
PUT,96
BARRIER,0
BARRIER,0
BARRIER,0
BARRIER,0
BARRIER,0
BARRIER,0
PUT,32
BARRIER,0
BARRIER,0
PUT,32
BARRIER,0
BARRIER,0
PUT,96
BARRIER,0
BARRIER,0
BARRIER,0
BARRIER,0
BARRIER,0
BARRIER,0
PUT,32
BARRIER,0
BARRIER,0
PUT,32
BARRIER,0
BARRIER,0
PUT,96
BARRIER,0
BARRIER,0
BARRIER,0
BARRIER,0
BARRIER,0
BARRIER,0
PUT,32
BARRIER,0
BARRIER,0
PUT,32
BARRIER,0
BARRIER,0
PUT,96
BARRIER,0
BARRIER,0
BARRIER,0
BARRIER,0
BARRIER,0
BARRIER,0
PUT,32
BARRIER,0
BARRIER,0
PUT,32
BARRIER,0
BARRIER,0
PUT,96
BARRIER,0
BARRIER,0
BARRIER,0
BARRIER,0
BARRIER,0
BARRIER,0
PUT,32
BARRIER,0
BARRIER,0
PUT,32
BARRIER,0
BARRIER,0
PUT,96
BARRIER,0
BARRIER,0
BARRIER,0
BARRIER,0
BARRIER,0
BARRIER,0
PUT,32
BARRIER,0
BARRIER,0
PUT,32
BARRIER,0
BARRIER,0
PUT,96
BARRIER,0
BARRIER,0
BARRIER,0
BARRIER,0
BARRIER,0
BARRIER,0
PUT,32
BARRIER,0
BARRIER,0
PUT,32
BARRIER,0
BARRIER,0
PUT,96
BARRIER,0
BARRIER,0
BARRIER,0
BARRIER,0
BARRIER,0
BARRIER,0
PUT,32
BARRIER,0
BARRIER,0
PUT,32
BARRIER,0
BARRIER,0
PUT,96
BARRIER,0
BARRIER,0
BARRIER,0
BARRIER,0
BARRIER,0
BARRIER,0
PUT,32
BARRIER,0
BARRIER,0
PUT,32
BARRIER,0
BARRIER,0
PUT,96
BARRIER,0
BARRIER,0
BARRIER,0
BARRIER,0
BARRIER,0
BARRIER,0
PUT,32
BARRIER,0
BARRIER,0
PUT,32
BARRIER,0
BARRIER,0
PUT,96
BARRIER,0
BARRIER,0
BARRIER,0
BARRIER,0
BARRIER,0
BARRIER,0
PUT,32
BARRIER,0
BARRIER,0
PUT,32
BARRIER,0
BARRIER,0
PUT,96
BARRIER,0
BARRIER,0
BARRIER,0
BARRIER,0
BARRIER,0
BARRIER,0
PUT,32
BARRIER,0
BARRIER,0
PUT,32
BARRIER,0
BARRIER,0
PUT,96
BARRIER,0
BARRIER,0
BARRIER,0
BARRIER,0
BARRIER,0
BARRIER,0
PUT,32
BARRIER,0
BARRIER,0
PUT,32
BARRIER,0
BARRIER,0
PUT,96
BARRIER,0
BARRIER,0
BARRIER,0
BARRIER,0
BARRIER,0
BARRIER,0
PUT,32
BARRIER,0
BARRIER,0
PUT,32
BARRIER,0
BARRIER,0
PUT,96
BARRIER,0
BARRIER,0
BARRIER,0
BARRIER,0
BARRIER,0
BARRIER,0
PUT,32
BARRIER,0
BARRIER,0
PUT,32
BARRIER,0
BARRIER,0
PUT,96
BARRIER,0
BARRIER,0
BARRIER,0
BARRIER,0
BARRIER,0
BARRIER,0
PUT,32
BARRIER,0
BARRIER,0
PUT,32
BARRIER,0
BARRIER,0
PUT,96
BARRIER,0
BARRIER,0
BARRIER,0
BARRIER,0
BARRIER,0
BARRIER,0
PUT,32
BARRIER,0
BARRIER,0
PUT,32
BARRIER,0
BARRIER,0
PUT,96
BARRIER,0
BARRIER,0
BARRIER,0
BARRIER,0
BARRIER,0
BARRIER,0
PUT,32
BARRIER,0
BARRIER,0
PUT,32
BARRIER,0
BARRIER,0
PUT,96
BARRIER,0
BARRIER,0
BARRIER,0
BARRIER,0
BARRIER,0
BARRIER,0
PUT,32
BARRIER,0
BARRIER,0
PUT,32
BARRIER,0
BARRIER,0
PUT,96
BARRIER,0
BARRIER,0
BARRIER,0
BARRIER,0
BARRIER,0
BARRIER,0
PUT,32
BARRIER,0
BARRIER,0
PUT,32
BARRIER,0
BARRIER,0
PUT,96
BARRIER,0
BARRIER,0
BARRIER,0
BARRIER,0
BARRIER,0
BARRIER,0
PUT,32
BARRIER,0
BARRIER,0
PUT,32
BARRIER,0
BARRIER,0
PUT,96
BARRIER,0
BARRIER,0
BARRIER,0
BARRIER,0
BARRIER,0
BARRIER,0
PUT,32
BARRIER,0
BARRIER,0
PUT,32
BARRIER,0
BARRIER,0
PUT,96
BARRIER,0
BARRIER,0
BARRIER,0
BARRIER,0
BARRIER,0
BARRIER,0
PUT,32
BARRIER,0
BARRIER,0
PUT,32
BARRIER,0
BARRIER,0
PUT,96
BARRIER,0
BARRIER,0
BARRIER,0
BARRIER,0
BARRIER,0
BARRIER,0
PUT,32
BARRIER,0
BARRIER,0
PUT,32
BARRIER,0
BARRIER,0
PUT,96
BARRIER,0
BARRIER,0
BARRIER,0
BARRIER,0
BARRIER,0
BARRIER,0
PUT,32
BARRIER,0
BARRIER,0
PUT,32
BARRIER,0
BARRIER,0
PUT,96
BARRIER,0
BARRIER,0
BARRIER,0
BARRIER,0
PUT,3200000
BARRIER,0
BARRIER,0
BARRIER,0
BARRIER,0
BARRIER,0
BARRIER,0
PUT,96
BARRIER,0
BARRIER,0
BARRIER,0
BARRIER,0
PUT,28
BARRIER,0
BARRIER,0
PUT,28
BARRIER,0
BARRIER,0
PUT,96
BARRIER,0
BARRIER,0
BARRIER,0
BARRIER,0
BARRIER,0
BARRIER,0
PUT,28
BARRIER,0
BARRIER,0
PUT,28
BARRIER,0
BARRIER,0
PUT,96
BARRIER,0
BARRIER,0
BARRIER,0
BARRIER,0
BARRIER,0
BARRIER,0
PUT,28
BARRIER,0
BARRIER,0
PUT,28
BARRIER,0
BARRIER,0
PUT,96
BARRIER,0
BARRIER,0
BARRIER,0
BARRIER,0
BARRIER,0
BARRIER,0
PUT,28
BARRIER,0
BARRIER,0
PUT,28
BARRIER,0
BARRIER,0
PUT,96
BARRIER,0
BARRIER,0
BARRIER,0
BARRIER,0
BARRIER,0
BARRIER,0
PUT,28
BARRIER,0
BARRIER,0
PUT,28
BARRIER,0
BARRIER,0
PUT,96
BARRIER,0
BARRIER,0
BARRIER,0
BARRIER,0
BARRIER,0
BARRIER,0
PUT,28
BARRIER,0
BARRIER,0
PUT,28
BARRIER,0
BARRIER,0
PUT,96
BARRIER,0
BARRIER,0
BARRIER,0
BARRIER,0
BARRIER,0
BARRIER,0
PUT,28
BARRIER,0
BARRIER,0
PUT,28
BARRIER,0
BARRIER,0
PUT,96
BARRIER,0
BARRIER,0
BARRIER,0
BARRIER,0
BARRIER,0
BARRIER,0
PUT,28
BARRIER,0
BARRIER,0
PUT,28
BARRIER,0
BARRIER,0
PUT,96
BARRIER,0
BARRIER,0
BARRIER,0
BARRIER,0
BARRIER,0
BARRIER,0
PUT,28
BARRIER,0
BARRIER,0
PUT,28
BARRIER,0
BARRIER,0
PUT,96
BARRIER,0
BARRIER,0
BARRIER,0
BARRIER,0
BARRIER,0
BARRIER,0
PUT,28
BARRIER,0
BARRIER,0
PUT,28
BARRIER,0
BARRIER,0
PUT,96
BARRIER,0
BARRIER,0
BARRIER,0
BARRIER,0
BARRIER,0
BARRIER,0
PUT,28
BARRIER,0
BARRIER,0
PUT,28
BARRIER,0
BARRIER,0
PUT,96
BARRIER,0
BARRIER,0
BARRIER,0
BARRIER,0
BARRIER,0
BARRIER,0
PUT,28
BARRIER,0
BARRIER,0
PUT,28
BARRIER,0
BARRIER,0
PUT,96
BARRIER,0
BARRIER,0
BARRIER,0
BARRIER,0
BARRIER,0
BARRIER,0
PUT,28
BARRIER,0
BARRIER,0
PUT,28
BARRIER,0
BARRIER,0
PUT,96
BARRIER,0
BARRIER,0
BARRIER,0
BARRIER,0
BARRIER,0
BARRIER,0
PUT,28
BARRIER,0
BARRIER,0
PUT,28
BARRIER,0
BARRIER,0
PUT,96
BARRIER,0
BARRIER,0
BARRIER,0
BARRIER,0
BARRIER,0
BARRIER,0
PUT,28
BARRIER,0
BARRIER,0
PUT,28
BARRIER,0
BARRIER,0
PUT,96
BARRIER,0
BARRIER,0
BARRIER,0
BARRIER,0
BARRIER,0
BARRIER,0
PUT,28
BARRIER,0
BARRIER,0
PUT,28
BARRIER,0
BARRIER,0
PUT,96
BARRIER,0
BARRIER,0
BARRIER,0
BARRIER,0
BARRIER,0
BARRIER,0
PUT,28
BARRIER,0
BARRIER,0
PUT,28
BARRIER,0
BARRIER,0
PUT,96
BARRIER,0
BARRIER,0
BARRIER,0
BARRIER,0
BARRIER,0
BARRIER,0
PUT,28
BARRIER,0
BARRIER,0
PUT,28
BARRIER,0
BARRIER,0
PUT,96
BARRIER,0
BARRIER,0
BARRIER,0
BARRIER,0
BARRIER,0
BARRIER,0
PUT,28
BARRIER,0
BARRIER,0
PUT,28
BARRIER,0
BARRIER,0
PUT,96
BARRIER,0
BARRIER,0
BARRIER,0
BARRIER,0
BARRIER,0
BARRIER,0
PUT,28
BARRIER,0
BARRIER,0
PUT,28
BARRIER,0
BARRIER,0
PUT,96
BARRIER,0
BARRIER,0
BARRIER,0
BARRIER,0
BARRIER,0
BARRIER,0
PUT,28
BARRIER,0
BARRIER,0
PUT,28
BARRIER,0
BARRIER,0
PUT,96
BARRIER,0
BARRIER,0
BARRIER,0
BARRIER,0
BARRIER,0
BARRIER,0
PUT,28
BARRIER,0
BARRIER,0
PUT,28
BARRIER,0
BARRIER,0
PUT,96
BARRIER,0
BARRIER,0
BARRIER,0
BARRIER,0
BARRIER,0
BARRIER,0
PUT,28
BARRIER,0
BARRIER,0
PUT,28
BARRIER,0
BARRIER,0
PUT,96
BARRIER,0
BARRIER,0
BARRIER,0
BARRIER,0
PUT,2800000
BARRIER,0
BARRIER,0
BARRIER,0
BARRIER,0
BARRIER,0
BARRIER,0
PUT,96
BARRIER,0
BARRIER,0
BARRIER,0
BARRIER,0
PUT,24
BARRIER,0
BARRIER,0
PUT,24
BARRIER,0
BARRIER,0
PUT,96
BARRIER,0
BARRIER,0
BARRIER,0
BARRIER,0
BARRIER,0
BARRIER,0
PUT,24
BARRIER,0
BARRIER,0
PUT,24
BARRIER,0
BARRIER,0
PUT,96
BARRIER,0
BARRIER,0
BARRIER,0
BARRIER,0
BARRIER,0
BARRIER,0
PUT,24
BARRIER,0
BARRIER,0
PUT,24
BARRIER,0
BARRIER,0
PUT,96
BARRIER,0
BARRIER,0
BARRIER,0
BARRIER,0
BARRIER,0
BARRIER,0
PUT,24
BARRIER,0
BARRIER,0
PUT,24
BARRIER,0
BARRIER,0
PUT,96
BARRIER,0
BARRIER,0
BARRIER,0
BARRIER,0
BARRIER,0
BARRIER,0
PUT,24
BARRIER,0
BARRIER,0
PUT,24
BARRIER,0
BARRIER,0
PUT,96
BARRIER,0
BARRIER,0
BARRIER,0
BARRIER,0
PUT,2400000
BARRIER,0
BARRIER,0
BARRIER,0
BARRIER,0
BARRIER,0
BARRIER,0
PUT,96
BARRIER,0
BARRIER,0
BARRIER,0
BARRIER,0
PUT,20
BARRIER,0
BARRIER,0
PUT,20
BARRIER,0
BARRIER,0
PUT,96
BARRIER,0
BARRIER,0
BARRIER,0
BARRIER,0
BARRIER,0
BARRIER,0
PUT,20
BARRIER,0
BARRIER,0
PUT,20
BARRIER,0
BARRIER,0
PUT,96
BARRIER,0
BARRIER,0
BARRIER,0
BARRIER,0
BARRIER,0
BARRIER,0
PUT,20
BARRIER,0
BARRIER,0
PUT,20
BARRIER,0
BARRIER,0
PUT,96
BARRIER,0
BARRIER,0
BARRIER,0
BARRIER,0
BARRIER,0
BARRIER,0
PUT,20
BARRIER,0
BARRIER,0
PUT,20
BARRIER,0
BARRIER,0
PUT,96
BARRIER,0
BARRIER,0
BARRIER,0
BARRIER,0
BARRIER,0
BARRIER,0
PUT,20
BARRIER,0
BARRIER,0
PUT,20
BARRIER,0
BARRIER,0
PUT,96
BARRIER,0
BARRIER,0
BARRIER,0
BARRIER,0
BARRIER,0
BARRIER,0
PUT,20
BARRIER,0
BARRIER,0
PUT,20
BARRIER,0
BARRIER,0
PUT,96
BARRIER,0
BARRIER,0
BARRIER,0
BARRIER,0
BARRIER,0
BARRIER,0
PUT,20
BARRIER,0
BARRIER,0
PUT,20
BARRIER,0
BARRIER,0
PUT,96
BARRIER,0
BARRIER,0
BARRIER,0
BARRIER,0
BARRIER,0
BARRIER,0
PUT,20
BARRIER,0
BARRIER,0
PUT,20
BARRIER,0
BARRIER,0
PUT,96
BARRIER,0
BARRIER,0
BARRIER,0
BARRIER,0
BARRIER,0
BARRIER,0
PUT,20
BARRIER,0
BARRIER,0
PUT,20
BARRIER,0
BARRIER,0
PUT,96
BARRIER,0
BARRIER,0
BARRIER,0
BARRIER,0
BARRIER,0
BARRIER,0
PUT,20
BARRIER,0
BARRIER,0
PUT,20
BARRIER,0
BARRIER,0
PUT,96
BARRIER,0
BARRIER,0
BARRIER,0
BARRIER,0
BARRIER,0
BARRIER,0
PUT,20
BARRIER,0
BARRIER,0
PUT,20
BARRIER,0
BARRIER,0
PUT,96
BARRIER,0
BARRIER,0
BARRIER,0
BARRIER,0
BARRIER,0
BARRIER,0
PUT,20
BARRIER,0
BARRIER,0
PUT,20
BARRIER,0
BARRIER,0
PUT,96
BARRIER,0
BARRIER,0
BARRIER,0
BARRIER,0
BARRIER,0
BARRIER,0
PUT,20
BARRIER,0
BARRIER,0
PUT,20
BARRIER,0
BARRIER,0
PUT,96
BARRIER,0
BARRIER,0
BARRIER,0
BARRIER,0
BARRIER,0
BARRIER,0
PUT,20
BARRIER,0
BARRIER,0
PUT,20
BARRIER,0
BARRIER,0
PUT,96
BARRIER,0
BARRIER,0
BARRIER,0
BARRIER,0
BARRIER,0
BARRIER,0
PUT,20
BARRIER,0
BARRIER,0
PUT,20
BARRIER,0
BARRIER,0
PUT,96
BARRIER,0
BARRIER,0
BARRIER,0
BARRIER,0
BARRIER,0
BARRIER,0
PUT,20
BARRIER,0
BARRIER,0
PUT,20
BARRIER,0
BARRIER,0
PUT,96
BARRIER,0
BARRIER,0
BARRIER,0
BARRIER,0
BARRIER,0
BARRIER,0
PUT,20
BARRIER,0
BARRIER,0
PUT,20
BARRIER,0
BARRIER,0
PUT,96
BARRIER,0
BARRIER,0
BARRIER,0
BARRIER,0
BARRIER,0
BARRIER,0
PUT,20
BARRIER,0
BARRIER,0
PUT,20
BARRIER,0
BARRIER,0
PUT,96
BARRIER,0
BARRIER,0
BARRIER,0
BARRIER,0
BARRIER,0
BARRIER,0
PUT,20
BARRIER,0
BARRIER,0
PUT,20
BARRIER,0
BARRIER,0
PUT,96
BARRIER,0
BARRIER,0
BARRIER,0
BARRIER,0
BARRIER,0
BARRIER,0
PUT,20
BARRIER,0
BARRIER,0
PUT,20
BARRIER,0
BARRIER,0
PUT,96
BARRIER,0
BARRIER,0
BARRIER,0
BARRIER,0
BARRIER,0
BARRIER,0
PUT,20
BARRIER,0
BARRIER,0
PUT,20
BARRIER,0
BARRIER,0
PUT,96
BARRIER,0
BARRIER,0
BARRIER,0
BARRIER,0
BARRIER,0
BARRIER,0
PUT,20
BARRIER,0
BARRIER,0
PUT,20
BARRIER,0
BARRIER,0
PUT,96
BARRIER,0
BARRIER,0
BARRIER,0
BARRIER,0
PUT,2000000
BARRIER,0
BARRIER,0
BARRIER,0
BARRIER,0
BARRIER,0
BARRIER,0
PUT,96
BARRIER,0
BARRIER,0
BARRIER,0
BARRIER,0
PUT,16
BARRIER,0
BARRIER,0
PUT,16
BARRIER,0
BARRIER,0
PUT,96
BARRIER,0
BARRIER,0
BARRIER,0
BARRIER,0
BARRIER,0
BARRIER,0
PUT,16
BARRIER,0
BARRIER,0
PUT,16
BARRIER,0
BARRIER,0
PUT,96
BARRIER,0
BARRIER,0
BARRIER,0
BARRIER,0
BARRIER,0
BARRIER,0
PUT,16
BARRIER,0
BARRIER,0
PUT,16
BARRIER,0
BARRIER,0
PUT,96
BARRIER,0
BARRIER,0
BARRIER,0
BARRIER,0
BARRIER,0
BARRIER,0
PUT,16
BARRIER,0
BARRIER,0
PUT,16
BARRIER,0
BARRIER,0
PUT,96
BARRIER,0
BARRIER,0
BARRIER,0
BARRIER,0
BARRIER,0
BARRIER,0
PUT,16
BARRIER,0
BARRIER,0
PUT,16
BARRIER,0
BARRIER,0
PUT,96
BARRIER,0
BARRIER,0
BARRIER,0
BARRIER,0
BARRIER,0
BARRIER,0
PUT,16
BARRIER,0
BARRIER,0
PUT,16
BARRIER,0
BARRIER,0
PUT,96
BARRIER,0
BARRIER,0
BARRIER,0
BARRIER,0
BARRIER,0
BARRIER,0
PUT,16
BARRIER,0
BARRIER,0
PUT,16
BARRIER,0
BARRIER,0
PUT,96
BARRIER,0
BARRIER,0
BARRIER,0
BARRIER,0
BARRIER,0
BARRIER,0
PUT,16
BARRIER,0
BARRIER,0
PUT,16
BARRIER,0
BARRIER,0
PUT,96
BARRIER,0
BARRIER,0
BARRIER,0
BARRIER,0
BARRIER,0
BARRIER,0
PUT,16
BARRIER,0
BARRIER,0
PUT,16
BARRIER,0
BARRIER,0
PUT,96
BARRIER,0
BARRIER,0
BARRIER,0
BARRIER,0
BARRIER,0
BARRIER,0
PUT,16
BARRIER,0
BARRIER,0
PUT,16
BARRIER,0
BARRIER,0
PUT,96
BARRIER,0
BARRIER,0
BARRIER,0
BARRIER,0
BARRIER,0
BARRIER,0
PUT,16
BARRIER,0
BARRIER,0
PUT,16
BARRIER,0
BARRIER,0
PUT,96
BARRIER,0
BARRIER,0
BARRIER,0
BARRIER,0
BARRIER,0
BARRIER,0
PUT,16
BARRIER,0
BARRIER,0
PUT,16
BARRIER,0
BARRIER,0
PUT,96
BARRIER,0
BARRIER,0
BARRIER,0
BARRIER,0
BARRIER,0
BARRIER,0
PUT,16
BARRIER,0
BARRIER,0
PUT,16
BARRIER,0
BARRIER,0
PUT,96
BARRIER,0
BARRIER,0
BARRIER,0
BARRIER,0
BARRIER,0
BARRIER,0
PUT,16
BARRIER,0
BARRIER,0
PUT,16
BARRIER,0
BARRIER,0
PUT,96
BARRIER,0
BARRIER,0
BARRIER,0
BARRIER,0
BARRIER,0
BARRIER,0
PUT,16
BARRIER,0
BARRIER,0
PUT,16
BARRIER,0
BARRIER,0
PUT,96
BARRIER,0
BARRIER,0
BARRIER,0
BARRIER,0
BARRIER,0
BARRIER,0
PUT,16
BARRIER,0
BARRIER,0
PUT,16
BARRIER,0
BARRIER,0
PUT,96
BARRIER,0
BARRIER,0
BARRIER,0
BARRIER,0
BARRIER,0
BARRIER,0
PUT,16
BARRIER,0
BARRIER,0
PUT,16
BARRIER,0
BARRIER,0
PUT,96
BARRIER,0
BARRIER,0
BARRIER,0
BARRIER,0
BARRIER,0
BARRIER,0
PUT,16
BARRIER,0
BARRIER,0
PUT,16
BARRIER,0
BARRIER,0
PUT,96
BARRIER,0
BARRIER,0
BARRIER,0
BARRIER,0
BARRIER,0
BARRIER,0
PUT,16
BARRIER,0
BARRIER,0
PUT,16
BARRIER,0
BARRIER,0
PUT,96
BARRIER,0
BARRIER,0
BARRIER,0
BARRIER,0
BARRIER,0
BARRIER,0
PUT,16
BARRIER,0
BARRIER,0
PUT,16
BARRIER,0
BARRIER,0
PUT,96
BARRIER,0
BARRIER,0
BARRIER,0
BARRIER,0
BARRIER,0
BARRIER,0
PUT,16
BARRIER,0
BARRIER,0
PUT,16
BARRIER,0
BARRIER,0
PUT,96
BARRIER,0
BARRIER,0
BARRIER,0
BARRIER,0
BARRIER,0
BARRIER,0
PUT,16
BARRIER,0
BARRIER,0
PUT,16
BARRIER,0
BARRIER,0
PUT,96
BARRIER,0
BARRIER,0
BARRIER,0
BARRIER,0
BARRIER,0
BARRIER,0
PUT,16
BARRIER,0
BARRIER,0
PUT,16
BARRIER,0
BARRIER,0
PUT,96
BARRIER,0
BARRIER,0
BARRIER,0
BARRIER,0
BARRIER,0
BARRIER,0
PUT,16
BARRIER,0
BARRIER,0
PUT,16
BARRIER,0
BARRIER,0
PUT,96
BARRIER,0
BARRIER,0
BARRIER,0
BARRIER,0
BARRIER,0
BARRIER,0
PUT,16
BARRIER,0
BARRIER,0
PUT,16
BARRIER,0
BARRIER,0
PUT,96
BARRIER,0
BARRIER,0
BARRIER,0
BARRIER,0
BARRIER,0
BARRIER,0
PUT,16
BARRIER,0
BARRIER,0
PUT,16
BARRIER,0
BARRIER,0
PUT,96
BARRIER,0
BARRIER,0
BARRIER,0
BARRIER,0
BARRIER,0
BARRIER,0
PUT,16
BARRIER,0
BARRIER,0
PUT,16
BARRIER,0
BARRIER,0
PUT,96
BARRIER,0
BARRIER,0
BARRIER,0
BARRIER,0
BARRIER,0
BARRIER,0
PUT,16
BARRIER,0
BARRIER,0
PUT,16
BARRIER,0
BARRIER,0
PUT,96
BARRIER,0
BARRIER,0
BARRIER,0
BARRIER,0
BARRIER,0
BARRIER,0
PUT,16
BARRIER,0
BARRIER,0
PUT,16
BARRIER,0
BARRIER,0
PUT,96
BARRIER,0
BARRIER,0
BARRIER,0
BARRIER,0
BARRIER,0
BARRIER,0
PUT,16
BARRIER,0
BARRIER,0
PUT,16
BARRIER,0
BARRIER,0
PUT,96
BARRIER,0
BARRIER,0
BARRIER,0
BARRIER,0
BARRIER,0
BARRIER,0
PUT,16
BARRIER,0
BARRIER,0
PUT,16
BARRIER,0
BARRIER,0
PUT,96
BARRIER,0
BARRIER,0
BARRIER,0
BARRIER,0
BARRIER,0
BARRIER,0
PUT,16
BARRIER,0
BARRIER,0
PUT,16
BARRIER,0
BARRIER,0
PUT,96
BARRIER,0
BARRIER,0
BARRIER,0
BARRIER,0
BARRIER,0
BARRIER,0
PUT,16
BARRIER,0
BARRIER,0
PUT,16
BARRIER,0
BARRIER,0
PUT,96
BARRIER,0
BARRIER,0
BARRIER,0
BARRIER,0
BARRIER,0
BARRIER,0
PUT,16
BARRIER,0
BARRIER,0
PUT,16
BARRIER,0
BARRIER,0
PUT,96
BARRIER,0
BARRIER,0
BARRIER,0
BARRIER,0
BARRIER,0
BARRIER,0
PUT,16
BARRIER,0
BARRIER,0
PUT,16
BARRIER,0
BARRIER,0
PUT,96
BARRIER,0
BARRIER,0
BARRIER,0
BARRIER,0
BARRIER,0
BARRIER,0
PUT,16
BARRIER,0
BARRIER,0
PUT,16
BARRIER,0
BARRIER,0
PUT,96
BARRIER,0
BARRIER,0
BARRIER,0
BARRIER,0
BARRIER,0
BARRIER,0
PUT,16
BARRIER,0
BARRIER,0
PUT,16
BARRIER,0
BARRIER,0
PUT,96
BARRIER,0
BARRIER,0
BARRIER,0
BARRIER,0
BARRIER,0
BARRIER,0
PUT,16
BARRIER,0
BARRIER,0
PUT,16
BARRIER,0
BARRIER,0
PUT,96
BARRIER,0
BARRIER,0
BARRIER,0
BARRIER,0
BARRIER,0
BARRIER,0
PUT,16
BARRIER,0
BARRIER,0
PUT,16
BARRIER,0
BARRIER,0
PUT,96
BARRIER,0
BARRIER,0
BARRIER,0
BARRIER,0
BARRIER,0
BARRIER,0
PUT,16
BARRIER,0
BARRIER,0
PUT,16
BARRIER,0
BARRIER,0
PUT,96
BARRIER,0
BARRIER,0
BARRIER,0
BARRIER,0
BARRIER,0
BARRIER,0
PUT,16
BARRIER,0
BARRIER,0
PUT,16
BARRIER,0
BARRIER,0
PUT,96
BARRIER,0
BARRIER,0
BARRIER,0
BARRIER,0
BARRIER,0
BARRIER,0
PUT,16
BARRIER,0
BARRIER,0
PUT,16
BARRIER,0
BARRIER,0
PUT,96
BARRIER,0
BARRIER,0
BARRIER,0
BARRIER,0
BARRIER,0
BARRIER,0
PUT,16
BARRIER,0
BARRIER,0
PUT,16
BARRIER,0
BARRIER,0
PUT,96
BARRIER,0
BARRIER,0
BARRIER,0
BARRIER,0
BARRIER,0
BARRIER,0
PUT,16
BARRIER,0
BARRIER,0
PUT,16
BARRIER,0
BARRIER,0
PUT,96
BARRIER,0
BARRIER,0
BARRIER,0
BARRIER,0
BARRIER,0
BARRIER,0
PUT,16
BARRIER,0
BARRIER,0
PUT,16
BARRIER,0
BARRIER,0
PUT,96
BARRIER,0
BARRIER,0
BARRIER,0
BARRIER,0
BARRIER,0
BARRIER,0
PUT,16
BARRIER,0
BARRIER,0
PUT,16
BARRIER,0
BARRIER,0
PUT,96
BARRIER,0
BARRIER,0
BARRIER,0
BARRIER,0
BARRIER,0
BARRIER,0
PUT,16
BARRIER,0
BARRIER,0
PUT,16
BARRIER,0
BARRIER,0
PUT,96
BARRIER,0
BARRIER,0
BARRIER,0
BARRIER,0
BARRIER,0
BARRIER,0
PUT,16
BARRIER,0
BARRIER,0
PUT,16
BARRIER,0
BARRIER,0
PUT,96
BARRIER,0
BARRIER,0
BARRIER,0
BARRIER,0
PUT,1600000
BARRIER,0
BARRIER,0
BARRIER,0
BARRIER,0
BARRIER,0
BARRIER,0
PUT,96
BARRIER,0
BARRIER,0
BARRIER,0
BARRIER,0
PUT,12
BARRIER,0
BARRIER,0
PUT,12
BARRIER,0
BARRIER,0
PUT,96
BARRIER,0
BARRIER,0
BARRIER,0
BARRIER,0
BARRIER,0
BARRIER,0
PUT,12
BARRIER,0
BARRIER,0
PUT,12
BARRIER,0
BARRIER,0
PUT,96
BARRIER,0
BARRIER,0
BARRIER,0
BARRIER,0
BARRIER,0
BARRIER,0
PUT,12
BARRIER,0
BARRIER,0
PUT,12
BARRIER,0
BARRIER,0
PUT,96
BARRIER,0
BARRIER,0
BARRIER,0
BARRIER,0
BARRIER,0
BARRIER,0
PUT,12
BARRIER,0
BARRIER,0
PUT,12
BARRIER,0
BARRIER,0
PUT,96
BARRIER,0
BARRIER,0
BARRIER,0
BARRIER,0
BARRIER,0
BARRIER,0
PUT,12
BARRIER,0
BARRIER,0
PUT,12
BARRIER,0
BARRIER,0
PUT,96
BARRIER,0
BARRIER,0
BARRIER,0
BARRIER,0
BARRIER,0
BARRIER,0
PUT,12
BARRIER,0
BARRIER,0
PUT,12
BARRIER,0
BARRIER,0
PUT,96
BARRIER,0
BARRIER,0
BARRIER,0
BARRIER,0
BARRIER,0
BARRIER,0
PUT,12
BARRIER,0
BARRIER,0
PUT,12
BARRIER,0
BARRIER,0
PUT,96
BARRIER,0
BARRIER,0
BARRIER,0
BARRIER,0
BARRIER,0
BARRIER,0
PUT,12
BARRIER,0
BARRIER,0
PUT,12
BARRIER,0
BARRIER,0
PUT,96
BARRIER,0
BARRIER,0
BARRIER,0
BARRIER,0
BARRIER,0
BARRIER,0
PUT,12
BARRIER,0
BARRIER,0
PUT,12
BARRIER,0
BARRIER,0
PUT,96
BARRIER,0
BARRIER,0
BARRIER,0
BARRIER,0
BARRIER,0
BARRIER,0
PUT,12
BARRIER,0
BARRIER,0
PUT,12
BARRIER,0
BARRIER,0
PUT,96
BARRIER,0
BARRIER,0
BARRIER,0
BARRIER,0
BARRIER,0
BARRIER,0
PUT,12
BARRIER,0
BARRIER,0
PUT,12
BARRIER,0
BARRIER,0
PUT,96
BARRIER,0
BARRIER,0
BARRIER,0
BARRIER,0
BARRIER,0
BARRIER,0
PUT,12
BARRIER,0
BARRIER,0
PUT,12
BARRIER,0
BARRIER,0
PUT,96
BARRIER,0
BARRIER,0
BARRIER,0
BARRIER,0
BARRIER,0
BARRIER,0
PUT,12
BARRIER,0
BARRIER,0
PUT,12
BARRIER,0
BARRIER,0
PUT,96
BARRIER,0
BARRIER,0
BARRIER,0
BARRIER,0
BARRIER,0
BARRIER,0
PUT,12
BARRIER,0
BARRIER,0
PUT,12
BARRIER,0
BARRIER,0
PUT,96
BARRIER,0
BARRIER,0
BARRIER,0
BARRIER,0
BARRIER,0
BARRIER,0
PUT,12
BARRIER,0
BARRIER,0
PUT,12
BARRIER,0
BARRIER,0
PUT,96
BARRIER,0
BARRIER,0
BARRIER,0
BARRIER,0
BARRIER,0
BARRIER,0
PUT,12
BARRIER,0
BARRIER,0
PUT,12
BARRIER,0
BARRIER,0
PUT,96
BARRIER,0
BARRIER,0
BARRIER,0
BARRIER,0
BARRIER,0
BARRIER,0
PUT,12
BARRIER,0
BARRIER,0
PUT,12
BARRIER,0
BARRIER,0
PUT,96
BARRIER,0
BARRIER,0
BARRIER,0
BARRIER,0
BARRIER,0
BARRIER,0
PUT,12
BARRIER,0
BARRIER,0
PUT,12
BARRIER,0
BARRIER,0
PUT,96
BARRIER,0
BARRIER,0
BARRIER,0
BARRIER,0
BARRIER,0
BARRIER,0
PUT,12
BARRIER,0
BARRIER,0
PUT,12
BARRIER,0
BARRIER,0
PUT,96
BARRIER,0
BARRIER,0
BARRIER,0
BARRIER,0
BARRIER,0
BARRIER,0
PUT,12
BARRIER,0
BARRIER,0
PUT,12
BARRIER,0
BARRIER,0
PUT,96
BARRIER,0
BARRIER,0
BARRIER,0
BARRIER,0
BARRIER,0
BARRIER,0
PUT,12
BARRIER,0
BARRIER,0
PUT,12
BARRIER,0
BARRIER,0
PUT,96
BARRIER,0
BARRIER,0
BARRIER,0
BARRIER,0
BARRIER,0
BARRIER,0
PUT,12
BARRIER,0
BARRIER,0
PUT,12
BARRIER,0
BARRIER,0
PUT,96
BARRIER,0
BARRIER,0
BARRIER,0
BARRIER,0
BARRIER,0
BARRIER,0
PUT,12
BARRIER,0
BARRIER,0
PUT,12
BARRIER,0
BARRIER,0
PUT,96
BARRIER,0
BARRIER,0
BARRIER,0
BARRIER,0
BARRIER,0
BARRIER,0
PUT,12
BARRIER,0
BARRIER,0
PUT,12
BARRIER,0
BARRIER,0
PUT,96
BARRIER,0
BARRIER,0
BARRIER,0
BARRIER,0
BARRIER,0
BARRIER,0
PUT,12
BARRIER,0
BARRIER,0
PUT,12
BARRIER,0
BARRIER,0
PUT,96
BARRIER,0
BARRIER,0
BARRIER,0
BARRIER,0
BARRIER,0
BARRIER,0
PUT,12
BARRIER,0
BARRIER,0
PUT,12
BARRIER,0
BARRIER,0
PUT,96
BARRIER,0
BARRIER,0
BARRIER,0
BARRIER,0
BARRIER,0
BARRIER,0
PUT,12
BARRIER,0
BARRIER,0
PUT,12
BARRIER,0
BARRIER,0
PUT,96
BARRIER,0
BARRIER,0
BARRIER,0
BARRIER,0
BARRIER,0
BARRIER,0
PUT,12
BARRIER,0
BARRIER,0
PUT,12
BARRIER,0
BARRIER,0
PUT,96
BARRIER,0
BARRIER,0
BARRIER,0
BARRIER,0
BARRIER,0
BARRIER,0
PUT,12
BARRIER,0
BARRIER,0
PUT,12
BARRIER,0
BARRIER,0
PUT,96
BARRIER,0
BARRIER,0
BARRIER,0
BARRIER,0
BARRIER,0
BARRIER,0
PUT,12
BARRIER,0
BARRIER,0
PUT,12
BARRIER,0
BARRIER,0
PUT,96
BARRIER,0
BARRIER,0
BARRIER,0
BARRIER,0
BARRIER,0
BARRIER,0
PUT,12
BARRIER,0
BARRIER,0
PUT,12
BARRIER,0
BARRIER,0
PUT,96
BARRIER,0
BARRIER,0
BARRIER,0
BARRIER,0
BARRIER,0
BARRIER,0
PUT,12
BARRIER,0
BARRIER,0
PUT,12
BARRIER,0
BARRIER,0
PUT,96
BARRIER,0
BARRIER,0
BARRIER,0
BARRIER,0
BARRIER,0
BARRIER,0
PUT,12
BARRIER,0
BARRIER,0
PUT,12
BARRIER,0
BARRIER,0
PUT,96
BARRIER,0
BARRIER,0
BARRIER,0
BARRIER,0
BARRIER,0
BARRIER,0
PUT,12
BARRIER,0
BARRIER,0
PUT,12
BARRIER,0
BARRIER,0
PUT,96
BARRIER,0
BARRIER,0
BARRIER,0
BARRIER,0
BARRIER,0
BARRIER,0
PUT,12
BARRIER,0
BARRIER,0
PUT,12
BARRIER,0
BARRIER,0
PUT,96
BARRIER,0
BARRIER,0
BARRIER,0
BARRIER,0
BARRIER,0
BARRIER,0
PUT,12
BARRIER,0
BARRIER,0
PUT,12
BARRIER,0
BARRIER,0
PUT,96
BARRIER,0
BARRIER,0
BARRIER,0
BARRIER,0
BARRIER,0
BARRIER,0
PUT,12
BARRIER,0
BARRIER,0
PUT,12
BARRIER,0
BARRIER,0
PUT,96
BARRIER,0
BARRIER,0
BARRIER,0
BARRIER,0
BARRIER,0
BARRIER,0
PUT,12
BARRIER,0
BARRIER,0
PUT,12
BARRIER,0
BARRIER,0
PUT,96
BARRIER,0
BARRIER,0
BARRIER,0
BARRIER,0
BARRIER,0
BARRIER,0
PUT,12
BARRIER,0
BARRIER,0
PUT,12
BARRIER,0
BARRIER,0
PUT,96
BARRIER,0
BARRIER,0
BARRIER,0
BARRIER,0
BARRIER,0
BARRIER,0
PUT,12
BARRIER,0
BARRIER,0
PUT,12
BARRIER,0
BARRIER,0
PUT,96
BARRIER,0
BARRIER,0
BARRIER,0
BARRIER,0
BARRIER,0
BARRIER,0
PUT,12
BARRIER,0
BARRIER,0
PUT,12
BARRIER,0
BARRIER,0
PUT,96
BARRIER,0
BARRIER,0
BARRIER,0
BARRIER,0
BARRIER,0
BARRIER,0
PUT,12
BARRIER,0
BARRIER,0
PUT,12
BARRIER,0
BARRIER,0
PUT,96
BARRIER,0
BARRIER,0
BARRIER,0
BARRIER,0
BARRIER,0
BARRIER,0
PUT,12
BARRIER,0
BARRIER,0
PUT,12
BARRIER,0
BARRIER,0
PUT,96
BARRIER,0
BARRIER,0
BARRIER,0
BARRIER,0
BARRIER,0
BARRIER,0
PUT,12
BARRIER,0
BARRIER,0
PUT,12
BARRIER,0
BARRIER,0
PUT,96
BARRIER,0
BARRIER,0
BARRIER,0
BARRIER,0
BARRIER,0
BARRIER,0
PUT,12
BARRIER,0
BARRIER,0
PUT,12
BARRIER,0
BARRIER,0
PUT,96
BARRIER,0
BARRIER,0
BARRIER,0
BARRIER,0
BARRIER,0
BARRIER,0
PUT,12
BARRIER,0
BARRIER,0
PUT,12
BARRIER,0
BARRIER,0
PUT,96
BARRIER,0
BARRIER,0
BARRIER,0
BARRIER,0
BARRIER,0
BARRIER,0
PUT,12
BARRIER,0
BARRIER,0
PUT,12
BARRIER,0
BARRIER,0
PUT,96
BARRIER,0
BARRIER,0
BARRIER,0
BARRIER,0
BARRIER,0
BARRIER,0
PUT,12
BARRIER,0
BARRIER,0
PUT,12
BARRIER,0
BARRIER,0
PUT,96
BARRIER,0
BARRIER,0
BARRIER,0
BARRIER,0
BARRIER,0
BARRIER,0
PUT,12
BARRIER,0
BARRIER,0
PUT,12
BARRIER,0
BARRIER,0
PUT,96
BARRIER,0
BARRIER,0
BARRIER,0
BARRIER,0
BARRIER,0
BARRIER,0
PUT,12
BARRIER,0
BARRIER,0
PUT,12
BARRIER,0
BARRIER,0
PUT,96
BARRIER,0
BARRIER,0
BARRIER,0
BARRIER,0
BARRIER,0
BARRIER,0
PUT,12
BARRIER,0
BARRIER,0
PUT,12
BARRIER,0
BARRIER,0
PUT,96
BARRIER,0
BARRIER,0
BARRIER,0
BARRIER,0
BARRIER,0
BARRIER,0
PUT,12
BARRIER,0
BARRIER,0
PUT,12
BARRIER,0
BARRIER,0
PUT,96
BARRIER,0
BARRIER,0
BARRIER,0
BARRIER,0
BARRIER,0
BARRIER,0
PUT,12
BARRIER,0
BARRIER,0
PUT,12
BARRIER,0
BARRIER,0
PUT,96
BARRIER,0
BARRIER,0
BARRIER,0
BARRIER,0
BARRIER,0
BARRIER,0
PUT,12
BARRIER,0
BARRIER,0
PUT,12
BARRIER,0
BARRIER,0
PUT,96
BARRIER,0
BARRIER,0
BARRIER,0
BARRIER,0
BARRIER,0
BARRIER,0
PUT,12
BARRIER,0
BARRIER,0
PUT,12
BARRIER,0
BARRIER,0
PUT,96
BARRIER,0
BARRIER,0
BARRIER,0
BARRIER,0
BARRIER,0
BARRIER,0
PUT,12
BARRIER,0
BARRIER,0
PUT,12
BARRIER,0
BARRIER,0
PUT,96
BARRIER,0
BARRIER,0
BARRIER,0
BARRIER,0
BARRIER,0
BARRIER,0
PUT,12
BARRIER,0
BARRIER,0
PUT,12
BARRIER,0
BARRIER,0
PUT,96
BARRIER,0
BARRIER,0
BARRIER,0
BARRIER,0
BARRIER,0
BARRIER,0
PUT,12
BARRIER,0
BARRIER,0
PUT,12
BARRIER,0
BARRIER,0
PUT,96
BARRIER,0
BARRIER,0
BARRIER,0
BARRIER,0
BARRIER,0
BARRIER,0
PUT,12
BARRIER,0
BARRIER,0
PUT,12
BARRIER,0
BARRIER,0
PUT,96
BARRIER,0
BARRIER,0
BARRIER,0
BARRIER,0
BARRIER,0
BARRIER,0
PUT,12
BARRIER,0
BARRIER,0
PUT,12
BARRIER,0
BARRIER,0
PUT,96
BARRIER,0
BARRIER,0
BARRIER,0
BARRIER,0
BARRIER,0
BARRIER,0
PUT,12
BARRIER,0
BARRIER,0
PUT,12
BARRIER,0
BARRIER,0
PUT,96
BARRIER,0
BARRIER,0
BARRIER,0
BARRIER,0
BARRIER,0
BARRIER,0
PUT,12
BARRIER,0
BARRIER,0
PUT,12
BARRIER,0
BARRIER,0
PUT,96
BARRIER,0
BARRIER,0
BARRIER,0
BARRIER,0
BARRIER,0
BARRIER,0
PUT,12
BARRIER,0
BARRIER,0
PUT,12
BARRIER,0
BARRIER,0
PUT,96
BARRIER,0
BARRIER,0
BARRIER,0
BARRIER,0
BARRIER,0
BARRIER,0
PUT,12
BARRIER,0
BARRIER,0
PUT,12
BARRIER,0
BARRIER,0
PUT,96
BARRIER,0
BARRIER,0
BARRIER,0
BARRIER,0
BARRIER,0
BARRIER,0
PUT,12
BARRIER,0
BARRIER,0
PUT,12
BARRIER,0
BARRIER,0
PUT,96
BARRIER,0
BARRIER,0
BARRIER,0
BARRIER,0
BARRIER,0
BARRIER,0
PUT,12
BARRIER,0
BARRIER,0
PUT,12
BARRIER,0
BARRIER,0
PUT,96
BARRIER,0
BARRIER,0
BARRIER,0
BARRIER,0
BARRIER,0
BARRIER,0
PUT,12
BARRIER,0
BARRIER,0
PUT,12
BARRIER,0
BARRIER,0
PUT,96
BARRIER,0
BARRIER,0
BARRIER,0
BARRIER,0
BARRIER,0
BARRIER,0
PUT,12
BARRIER,0
BARRIER,0
PUT,12
BARRIER,0
BARRIER,0
PUT,96
BARRIER,0
BARRIER,0
BARRIER,0
BARRIER,0
BARRIER,0
BARRIER,0
PUT,12
BARRIER,0
BARRIER,0
PUT,12
BARRIER,0
BARRIER,0
PUT,96
BARRIER,0
BARRIER,0
BARRIER,0
BARRIER,0
BARRIER,0
BARRIER,0
PUT,12
BARRIER,0
BARRIER,0
PUT,12
BARRIER,0
BARRIER,0
PUT,96
BARRIER,0
BARRIER,0
BARRIER,0
BARRIER,0
BARRIER,0
BARRIER,0
PUT,12
BARRIER,0
BARRIER,0
PUT,12
BARRIER,0
BARRIER,0
PUT,96
BARRIER,0
BARRIER,0
BARRIER,0
BARRIER,0
BARRIER,0
BARRIER,0
PUT,12
BARRIER,0
BARRIER,0
PUT,12
BARRIER,0
BARRIER,0
PUT,96
BARRIER,0
BARRIER,0
BARRIER,0
BARRIER,0
BARRIER,0
BARRIER,0
PUT,12
BARRIER,0
BARRIER,0
PUT,12
BARRIER,0
BARRIER,0
PUT,96
BARRIER,0
BARRIER,0
BARRIER,0
BARRIER,0
BARRIER,0
BARRIER,0
PUT,12
BARRIER,0
BARRIER,0
PUT,12
BARRIER,0
BARRIER,0
PUT,96
BARRIER,0
BARRIER,0
BARRIER,0
BARRIER,0
BARRIER,0
BARRIER,0
PUT,12
BARRIER,0
BARRIER,0
PUT,12
BARRIER,0
BARRIER,0
PUT,96
BARRIER,0
BARRIER,0
BARRIER,0
BARRIER,0
BARRIER,0
BARRIER,0
PUT,12
BARRIER,0
BARRIER,0
PUT,12
BARRIER,0
BARRIER,0
PUT,96
BARRIER,0
BARRIER,0
BARRIER,0
BARRIER,0
BARRIER,0
BARRIER,0
PUT,12
BARRIER,0
BARRIER,0
PUT,12
BARRIER,0
BARRIER,0
PUT,96
BARRIER,0
BARRIER,0
BARRIER,0
BARRIER,0
BARRIER,0
BARRIER,0
PUT,12
BARRIER,0
BARRIER,0
PUT,12
BARRIER,0
BARRIER,0
PUT,96
BARRIER,0
BARRIER,0
BARRIER,0
BARRIER,0
BARRIER,0
BARRIER,0
PUT,12
BARRIER,0
BARRIER,0
PUT,12
BARRIER,0
BARRIER,0
PUT,96
BARRIER,0
BARRIER,0
BARRIER,0
BARRIER,0
BARRIER,0
BARRIER,0
PUT,12
BARRIER,0
BARRIER,0
PUT,12
BARRIER,0
BARRIER,0
PUT,96
BARRIER,0
BARRIER,0
BARRIER,0
BARRIER,0
BARRIER,0
BARRIER,0
PUT,12
BARRIER,0
BARRIER,0
PUT,12
BARRIER,0
BARRIER,0
PUT,96
BARRIER,0
BARRIER,0
BARRIER,0
BARRIER,0
BARRIER,0
BARRIER,0
PUT,12
BARRIER,0
BARRIER,0
PUT,12
BARRIER,0
BARRIER,0
PUT,96
BARRIER,0
BARRIER,0
BARRIER,0
BARRIER,0
BARRIER,0
BARRIER,0
PUT,12
BARRIER,0
BARRIER,0
PUT,12
BARRIER,0
BARRIER,0
PUT,96
BARRIER,0
BARRIER,0
BARRIER,0
BARRIER,0
BARRIER,0
BARRIER,0
PUT,12
BARRIER,0
BARRIER,0
PUT,12
BARRIER,0
BARRIER,0
PUT,96
BARRIER,0
BARRIER,0
BARRIER,0
BARRIER,0
BARRIER,0
BARRIER,0
PUT,12
BARRIER,0
BARRIER,0
PUT,12
BARRIER,0
BARRIER,0
PUT,96
BARRIER,0
BARRIER,0
BARRIER,0
BARRIER,0
BARRIER,0
BARRIER,0
PUT,12
BARRIER,0
BARRIER,0
PUT,12
BARRIER,0
BARRIER,0
PUT,96
BARRIER,0
BARRIER,0
BARRIER,0
BARRIER,0
BARRIER,0
BARRIER,0
PUT,12
BARRIER,0
BARRIER,0
PUT,12
BARRIER,0
BARRIER,0
PUT,96
BARRIER,0
BARRIER,0
BARRIER,0
BARRIER,0
BARRIER,0
BARRIER,0
PUT,12
BARRIER,0
BARRIER,0
PUT,12
BARRIER,0
BARRIER,0
PUT,96
BARRIER,0
BARRIER,0
BARRIER,0
BARRIER,0
BARRIER,0
BARRIER,0
PUT,12
BARRIER,0
BARRIER,0
PUT,12
BARRIER,0
BARRIER,0
PUT,96
BARRIER,0
BARRIER,0
BARRIER,0
BARRIER,0
BARRIER,0
BARRIER,0
PUT,12
BARRIER,0
BARRIER,0
PUT,12
BARRIER,0
BARRIER,0
PUT,96
BARRIER,0
BARRIER,0
BARRIER,0
BARRIER,0
BARRIER,0
BARRIER,0
PUT,12
BARRIER,0
BARRIER,0
PUT,12
BARRIER,0
BARRIER,0
PUT,96
BARRIER,0
BARRIER,0
BARRIER,0
BARRIER,0
BARRIER,0
BARRIER,0
PUT,12
BARRIER,0
BARRIER,0
PUT,12
BARRIER,0
BARRIER,0
PUT,96
BARRIER,0
BARRIER,0
BARRIER,0
BARRIER,0
BARRIER,0
BARRIER,0
PUT,12
BARRIER,0
BARRIER,0
PUT,12
BARRIER,0
BARRIER,0
PUT,96
BARRIER,0
BARRIER,0
BARRIER,0
BARRIER,0
BARRIER,0
BARRIER,0
PUT,12
BARRIER,0
BARRIER,0
PUT,12
BARRIER,0
BARRIER,0
PUT,96
BARRIER,0
BARRIER,0
BARRIER,0
BARRIER,0
BARRIER,0
BARRIER,0
PUT,12
BARRIER,0
BARRIER,0
PUT,12
BARRIER,0
BARRIER,0
PUT,96
BARRIER,0
BARRIER,0
BARRIER,0
BARRIER,0
BARRIER,0
BARRIER,0
PUT,12
BARRIER,0
BARRIER,0
PUT,12
BARRIER,0
BARRIER,0
PUT,96
BARRIER,0
BARRIER,0
BARRIER,0
BARRIER,0
BARRIER,0
BARRIER,0
PUT,12
BARRIER,0
BARRIER,0
PUT,12
BARRIER,0
BARRIER,0
PUT,96
BARRIER,0
BARRIER,0
BARRIER,0
BARRIER,0
BARRIER,0
BARRIER,0
PUT,12
BARRIER,0
BARRIER,0
PUT,12
BARRIER,0
BARRIER,0
PUT,96
BARRIER,0
BARRIER,0
BARRIER,0
BARRIER,0
BARRIER,0
BARRIER,0
PUT,12
BARRIER,0
BARRIER,0
PUT,12
BARRIER,0
BARRIER,0
PUT,96
BARRIER,0
BARRIER,0
BARRIER,0
BARRIER,0
BARRIER,0
BARRIER,0
PUT,12
BARRIER,0
BARRIER,0
PUT,12
BARRIER,0
BARRIER,0
PUT,96
BARRIER,0
BARRIER,0
BARRIER,0
BARRIER,0
BARRIER,0
BARRIER,0
PUT,12
BARRIER,0
BARRIER,0
PUT,12
BARRIER,0
BARRIER,0
PUT,96
BARRIER,0
BARRIER,0
BARRIER,0
BARRIER,0
BARRIER,0
BARRIER,0
PUT,12
BARRIER,0
BARRIER,0
PUT,12
BARRIER,0
BARRIER,0
PUT,96
BARRIER,0
BARRIER,0
BARRIER,0
BARRIER,0
BARRIER,0
BARRIER,0
PUT,12
BARRIER,0
BARRIER,0
PUT,12
BARRIER,0
BARRIER,0
PUT,96
BARRIER,0
BARRIER,0
BARRIER,0
BARRIER,0
BARRIER,0
BARRIER,0
PUT,12
BARRIER,0
BARRIER,0
PUT,12
BARRIER,0
BARRIER,0
PUT,96
BARRIER,0
BARRIER,0
BARRIER,0
BARRIER,0
BARRIER,0
BARRIER,0
PUT,12
BARRIER,0
BARRIER,0
PUT,12
BARRIER,0
BARRIER,0
PUT,96
BARRIER,0
BARRIER,0
BARRIER,0
BARRIER,0
BARRIER,0
BARRIER,0
PUT,12
BARRIER,0
BARRIER,0
PUT,12
BARRIER,0
BARRIER,0
PUT,96
BARRIER,0
BARRIER,0
BARRIER,0
BARRIER,0
BARRIER,0
BARRIER,0
PUT,12
BARRIER,0
BARRIER,0
PUT,12
BARRIER,0
BARRIER,0
PUT,96
BARRIER,0
BARRIER,0
BARRIER,0
BARRIER,0
BARRIER,0
BARRIER,0
PUT,12
BARRIER,0
BARRIER,0
PUT,12
BARRIER,0
BARRIER,0
PUT,96
BARRIER,0
BARRIER,0
BARRIER,0
BARRIER,0
BARRIER,0
BARRIER,0
PUT,12
BARRIER,0
BARRIER,0
PUT,12
BARRIER,0
BARRIER,0
PUT,96
BARRIER,0
BARRIER,0
BARRIER,0
BARRIER,0
BARRIER,0
BARRIER,0
PUT,12
BARRIER,0
BARRIER,0
PUT,12
BARRIER,0
BARRIER,0
PUT,96
BARRIER,0
BARRIER,0
BARRIER,0
BARRIER,0
BARRIER,0
BARRIER,0
PUT,12
BARRIER,0
BARRIER,0
PUT,12
BARRIER,0
BARRIER,0
PUT,96
BARRIER,0
BARRIER,0
BARRIER,0
BARRIER,0
BARRIER,0
BARRIER,0
PUT,12
BARRIER,0
BARRIER,0
PUT,12
BARRIER,0
BARRIER,0
PUT,96
BARRIER,0
BARRIER,0
BARRIER,0
BARRIER,0
BARRIER,0
BARRIER,0
PUT,12
BARRIER,0
BARRIER,0
PUT,12
BARRIER,0
BARRIER,0
PUT,96
BARRIER,0
BARRIER,0
BARRIER,0
BARRIER,0
BARRIER,0
BARRIER,0
PUT,12
BARRIER,0
BARRIER,0
PUT,12
BARRIER,0
BARRIER,0
PUT,96
BARRIER,0
BARRIER,0
BARRIER,0
BARRIER,0
BARRIER,0
BARRIER,0
PUT,12
BARRIER,0
BARRIER,0
PUT,12
BARRIER,0
BARRIER,0
PUT,96
BARRIER,0
BARRIER,0
BARRIER,0
BARRIER,0
PUT,1200000
BARRIER,0
BARRIER,0
BARRIER,0
BARRIER,0
BARRIER,0
BARRIER,0
PUT,96
BARRIER,0
BARRIER,0
BARRIER,0
BARRIER,0
PUT,8
BARRIER,0
BARRIER,0
PUT,8
BARRIER,0
BARRIER,0
PUT,96
BARRIER,0
BARRIER,0
BARRIER,0
BARRIER,0
BARRIER,0
BARRIER,0
PUT,8
BARRIER,0
BARRIER,0
PUT,8
BARRIER,0
BARRIER,0
PUT,96
BARRIER,0
BARRIER,0
BARRIER,0
BARRIER,0
BARRIER,0
BARRIER,0
PUT,8
BARRIER,0
BARRIER,0
PUT,8
BARRIER,0
BARRIER,0
PUT,96
BARRIER,0
BARRIER,0
BARRIER,0
BARRIER,0
BARRIER,0
BARRIER,0
PUT,8
BARRIER,0
BARRIER,0
PUT,8
BARRIER,0
BARRIER,0
PUT,96
BARRIER,0
BARRIER,0
BARRIER,0
BARRIER,0
BARRIER,0
BARRIER,0
PUT,8
BARRIER,0
BARRIER,0
PUT,8
BARRIER,0
BARRIER,0
PUT,96
BARRIER,0
BARRIER,0
BARRIER,0
BARRIER,0
BARRIER,0
BARRIER,0
PUT,8
BARRIER,0
BARRIER,0
PUT,8
BARRIER,0
BARRIER,0
PUT,96
BARRIER,0
BARRIER,0
BARRIER,0
BARRIER,0
BARRIER,0
BARRIER,0
PUT,8
BARRIER,0
BARRIER,0
PUT,8
BARRIER,0
BARRIER,0
PUT,96
BARRIER,0
BARRIER,0
BARRIER,0
BARRIER,0
BARRIER,0
BARRIER,0
PUT,8
BARRIER,0
BARRIER,0
PUT,8
BARRIER,0
BARRIER,0
PUT,96
BARRIER,0
BARRIER,0
BARRIER,0
BARRIER,0
BARRIER,0
BARRIER,0
PUT,8
BARRIER,0
BARRIER,0
PUT,8
BARRIER,0
BARRIER,0
PUT,96
BARRIER,0
BARRIER,0
BARRIER,0
BARRIER,0
BARRIER,0
BARRIER,0
PUT,8
BARRIER,0
BARRIER,0
PUT,8
BARRIER,0
BARRIER,0
PUT,96
BARRIER,0
BARRIER,0
BARRIER,0
BARRIER,0
BARRIER,0
BARRIER,0
PUT,8
BARRIER,0
BARRIER,0
PUT,8
BARRIER,0
BARRIER,0
PUT,96
BARRIER,0
BARRIER,0
BARRIER,0
BARRIER,0
BARRIER,0
BARRIER,0
PUT,8
BARRIER,0
BARRIER,0
PUT,8
BARRIER,0
BARRIER,0
PUT,96
BARRIER,0
BARRIER,0
BARRIER,0
BARRIER,0
BARRIER,0
BARRIER,0
PUT,8
BARRIER,0
BARRIER,0
PUT,8
BARRIER,0
BARRIER,0
PUT,96
BARRIER,0
BARRIER,0
BARRIER,0
BARRIER,0
BARRIER,0
BARRIER,0
PUT,8
BARRIER,0
BARRIER,0
PUT,8
BARRIER,0
BARRIER,0
PUT,96
BARRIER,0
BARRIER,0
BARRIER,0
BARRIER,0
BARRIER,0
BARRIER,0
PUT,8
BARRIER,0
BARRIER,0
PUT,8
BARRIER,0
BARRIER,0
PUT,96
BARRIER,0
BARRIER,0
BARRIER,0
BARRIER,0
BARRIER,0
BARRIER,0
PUT,8
BARRIER,0
BARRIER,0
PUT,8
BARRIER,0
BARRIER,0
PUT,96
BARRIER,0
BARRIER,0
BARRIER,0
BARRIER,0
BARRIER,0
BARRIER,0
PUT,8
BARRIER,0
BARRIER,0
PUT,8
BARRIER,0
BARRIER,0
PUT,96
BARRIER,0
BARRIER,0
BARRIER,0
BARRIER,0
BARRIER,0
BARRIER,0
PUT,8
BARRIER,0
BARRIER,0
PUT,8
BARRIER,0
BARRIER,0
PUT,96
BARRIER,0
BARRIER,0
BARRIER,0
BARRIER,0
BARRIER,0
BARRIER,0
PUT,8
BARRIER,0
BARRIER,0
PUT,8
BARRIER,0
BARRIER,0
PUT,96
BARRIER,0
BARRIER,0
BARRIER,0
BARRIER,0
BARRIER,0
BARRIER,0
PUT,8
BARRIER,0
BARRIER,0
PUT,8
BARRIER,0
BARRIER,0
PUT,96
BARRIER,0
BARRIER,0
BARRIER,0
BARRIER,0
BARRIER,0
BARRIER,0
PUT,8
BARRIER,0
BARRIER,0
PUT,8
BARRIER,0
BARRIER,0
PUT,96
BARRIER,0
BARRIER,0
BARRIER,0
BARRIER,0
BARRIER,0
BARRIER,0
PUT,8
BARRIER,0
BARRIER,0
PUT,8
BARRIER,0
BARRIER,0
PUT,96
BARRIER,0
BARRIER,0
BARRIER,0
BARRIER,0
BARRIER,0
BARRIER,0
PUT,8
BARRIER,0
BARRIER,0
PUT,8
BARRIER,0
BARRIER,0
PUT,96
BARRIER,0
BARRIER,0
BARRIER,0
BARRIER,0
BARRIER,0
BARRIER,0
PUT,8
BARRIER,0
BARRIER,0
PUT,8
BARRIER,0
BARRIER,0
PUT,96
BARRIER,0
BARRIER,0
BARRIER,0
BARRIER,0
BARRIER,0
BARRIER,0
PUT,8
BARRIER,0
BARRIER,0
PUT,8
BARRIER,0
BARRIER,0
PUT,96
BARRIER,0
BARRIER,0
BARRIER,0
BARRIER,0
BARRIER,0
BARRIER,0
PUT,8
BARRIER,0
BARRIER,0
PUT,8
BARRIER,0
BARRIER,0
PUT,96
BARRIER,0
BARRIER,0
BARRIER,0
BARRIER,0
BARRIER,0
BARRIER,0
PUT,8
BARRIER,0
BARRIER,0
PUT,8
BARRIER,0
BARRIER,0
PUT,96
BARRIER,0
BARRIER,0
BARRIER,0
BARRIER,0
BARRIER,0
BARRIER,0
PUT,8
BARRIER,0
BARRIER,0
PUT,8
BARRIER,0
BARRIER,0
PUT,96
BARRIER,0
BARRIER,0
BARRIER,0
BARRIER,0
BARRIER,0
BARRIER,0
PUT,8
BARRIER,0
BARRIER,0
PUT,8
BARRIER,0
BARRIER,0
PUT,96
BARRIER,0
BARRIER,0
BARRIER,0
BARRIER,0
BARRIER,0
BARRIER,0
PUT,8
BARRIER,0
BARRIER,0
PUT,8
BARRIER,0
BARRIER,0
PUT,96
BARRIER,0
BARRIER,0
BARRIER,0
BARRIER,0
BARRIER,0
BARRIER,0
PUT,8
BARRIER,0
BARRIER,0
PUT,8
BARRIER,0
BARRIER,0
PUT,96
BARRIER,0
BARRIER,0
BARRIER,0
BARRIER,0
BARRIER,0
BARRIER,0
PUT,8
BARRIER,0
BARRIER,0
PUT,8
BARRIER,0
BARRIER,0
PUT,96
BARRIER,0
BARRIER,0
BARRIER,0
BARRIER,0
BARRIER,0
BARRIER,0
PUT,8
BARRIER,0
BARRIER,0
PUT,8
BARRIER,0
BARRIER,0
PUT,96
BARRIER,0
BARRIER,0
BARRIER,0
BARRIER,0
BARRIER,0
BARRIER,0
PUT,8
BARRIER,0
BARRIER,0
PUT,8
BARRIER,0
BARRIER,0
PUT,96
BARRIER,0
BARRIER,0
BARRIER,0
BARRIER,0
BARRIER,0
BARRIER,0
PUT,8
BARRIER,0
BARRIER,0
PUT,8
BARRIER,0
BARRIER,0
PUT,96
BARRIER,0
BARRIER,0
BARRIER,0
BARRIER,0
BARRIER,0
BARRIER,0
PUT,8
BARRIER,0
BARRIER,0
PUT,8
BARRIER,0
BARRIER,0
PUT,96
BARRIER,0
BARRIER,0
BARRIER,0
BARRIER,0
BARRIER,0
BARRIER,0
PUT,8
BARRIER,0
BARRIER,0
PUT,8
BARRIER,0
BARRIER,0
PUT,96
BARRIER,0
BARRIER,0
BARRIER,0
BARRIER,0
BARRIER,0
BARRIER,0
PUT,8
BARRIER,0
BARRIER,0
PUT,8
BARRIER,0
BARRIER,0
PUT,96
BARRIER,0
BARRIER,0
BARRIER,0
BARRIER,0
BARRIER,0
BARRIER,0
PUT,8
BARRIER,0
BARRIER,0
PUT,8
BARRIER,0
BARRIER,0
PUT,96
BARRIER,0
BARRIER,0
BARRIER,0
BARRIER,0
BARRIER,0
BARRIER,0
PUT,8
BARRIER,0
BARRIER,0
PUT,8
BARRIER,0
BARRIER,0
PUT,96
BARRIER,0
BARRIER,0
BARRIER,0
BARRIER,0
BARRIER,0
BARRIER,0
PUT,8
BARRIER,0
BARRIER,0
PUT,8
BARRIER,0
BARRIER,0
PUT,96
BARRIER,0
BARRIER,0
BARRIER,0
BARRIER,0
BARRIER,0
BARRIER,0
PUT,8
BARRIER,0
BARRIER,0
PUT,8
BARRIER,0
BARRIER,0
PUT,96
BARRIER,0
BARRIER,0
BARRIER,0
BARRIER,0
BARRIER,0
BARRIER,0
PUT,8
BARRIER,0
BARRIER,0
PUT,8
BARRIER,0
BARRIER,0
PUT,96
BARRIER,0
BARRIER,0
BARRIER,0
BARRIER,0
BARRIER,0
BARRIER,0
PUT,8
BARRIER,0
BARRIER,0
PUT,8
BARRIER,0
BARRIER,0
PUT,96
BARRIER,0
BARRIER,0
BARRIER,0
BARRIER,0
BARRIER,0
BARRIER,0
PUT,8
BARRIER,0
BARRIER,0
PUT,8
BARRIER,0
BARRIER,0
PUT,96
BARRIER,0
BARRIER,0
BARRIER,0
BARRIER,0
BARRIER,0
BARRIER,0
PUT,8
BARRIER,0
BARRIER,0
PUT,8
BARRIER,0
BARRIER,0
PUT,96
BARRIER,0
BARRIER,0
BARRIER,0
BARRIER,0
BARRIER,0
BARRIER,0
PUT,8
BARRIER,0
BARRIER,0
PUT,8
BARRIER,0
BARRIER,0
PUT,96
BARRIER,0
BARRIER,0
BARRIER,0
BARRIER,0
BARRIER,0
BARRIER,0
PUT,8
BARRIER,0
BARRIER,0
PUT,8
BARRIER,0
BARRIER,0
PUT,96
BARRIER,0
BARRIER,0
BARRIER,0
BARRIER,0
BARRIER,0
BARRIER,0
PUT,8
BARRIER,0
BARRIER,0
PUT,8
BARRIER,0
BARRIER,0
PUT,96
BARRIER,0
BARRIER,0
BARRIER,0
BARRIER,0
BARRIER,0
BARRIER,0
PUT,8
BARRIER,0
BARRIER,0
PUT,8
BARRIER,0
BARRIER,0
PUT,96
BARRIER,0
BARRIER,0
BARRIER,0
BARRIER,0
BARRIER,0
BARRIER,0
PUT,8
BARRIER,0
BARRIER,0
PUT,8
BARRIER,0
BARRIER,0
PUT,96
BARRIER,0
BARRIER,0
BARRIER,0
BARRIER,0
BARRIER,0
BARRIER,0
PUT,8
BARRIER,0
BARRIER,0
PUT,8
BARRIER,0
BARRIER,0
PUT,96
BARRIER,0
BARRIER,0
BARRIER,0
BARRIER,0
BARRIER,0
BARRIER,0
PUT,8
BARRIER,0
BARRIER,0
PUT,8
BARRIER,0
BARRIER,0
PUT,96
BARRIER,0
BARRIER,0
BARRIER,0
BARRIER,0
BARRIER,0
BARRIER,0
PUT,8
BARRIER,0
BARRIER,0
PUT,8
BARRIER,0
BARRIER,0
PUT,96
BARRIER,0
BARRIER,0
BARRIER,0
BARRIER,0
BARRIER,0
BARRIER,0
PUT,8
BARRIER,0
BARRIER,0
PUT,8
BARRIER,0
BARRIER,0
PUT,96
BARRIER,0
BARRIER,0
BARRIER,0
BARRIER,0
BARRIER,0
BARRIER,0
PUT,8
BARRIER,0
BARRIER,0
PUT,8
BARRIER,0
BARRIER,0
PUT,96
BARRIER,0
BARRIER,0
BARRIER,0
BARRIER,0
BARRIER,0
BARRIER,0
PUT,8
BARRIER,0
BARRIER,0
PUT,8
BARRIER,0
BARRIER,0
PUT,96
BARRIER,0
BARRIER,0
BARRIER,0
BARRIER,0
BARRIER,0
BARRIER,0
PUT,8
BARRIER,0
BARRIER,0
PUT,8
BARRIER,0
BARRIER,0
PUT,96
BARRIER,0
BARRIER,0
BARRIER,0
BARRIER,0
BARRIER,0
BARRIER,0
PUT,8
BARRIER,0
BARRIER,0
PUT,8
BARRIER,0
BARRIER,0
PUT,96
BARRIER,0
BARRIER,0
BARRIER,0
BARRIER,0
BARRIER,0
BARRIER,0
PUT,8
BARRIER,0
BARRIER,0
PUT,8
BARRIER,0
BARRIER,0
PUT,96
BARRIER,0
BARRIER,0
BARRIER,0
BARRIER,0
BARRIER,0
BARRIER,0
PUT,8
BARRIER,0
BARRIER,0
PUT,8
BARRIER,0
BARRIER,0
PUT,96
BARRIER,0
BARRIER,0
BARRIER,0
BARRIER,0
BARRIER,0
BARRIER,0
PUT,8
BARRIER,0
BARRIER,0
PUT,8
BARRIER,0
BARRIER,0
PUT,96
BARRIER,0
BARRIER,0
BARRIER,0
BARRIER,0
BARRIER,0
BARRIER,0
PUT,8
BARRIER,0
BARRIER,0
PUT,8
BARRIER,0
BARRIER,0
PUT,96
BARRIER,0
BARRIER,0
BARRIER,0
BARRIER,0
BARRIER,0
BARRIER,0
PUT,8
BARRIER,0
BARRIER,0
PUT,8
BARRIER,0
BARRIER,0
PUT,96
BARRIER,0
BARRIER,0
BARRIER,0
BARRIER,0
BARRIER,0
BARRIER,0
PUT,8
BARRIER,0
BARRIER,0
PUT,8
BARRIER,0
BARRIER,0
PUT,96
BARRIER,0
BARRIER,0
BARRIER,0
BARRIER,0
BARRIER,0
BARRIER,0
PUT,8
BARRIER,0
BARRIER,0
PUT,8
BARRIER,0
BARRIER,0
PUT,96
BARRIER,0
BARRIER,0
BARRIER,0
BARRIER,0
BARRIER,0
BARRIER,0
PUT,8
BARRIER,0
BARRIER,0
PUT,8
BARRIER,0
BARRIER,0
PUT,96
BARRIER,0
BARRIER,0
BARRIER,0
BARRIER,0
BARRIER,0
BARRIER,0
PUT,8
BARRIER,0
BARRIER,0
PUT,8
BARRIER,0
BARRIER,0
PUT,96
BARRIER,0
BARRIER,0
BARRIER,0
BARRIER,0
BARRIER,0
BARRIER,0
PUT,8
BARRIER,0
BARRIER,0
PUT,8
BARRIER,0
BARRIER,0
PUT,96
BARRIER,0
BARRIER,0
BARRIER,0
BARRIER,0
BARRIER,0
BARRIER,0
PUT,8
BARRIER,0
BARRIER,0
PUT,8
BARRIER,0
BARRIER,0
PUT,96
BARRIER,0
BARRIER,0
BARRIER,0
BARRIER,0
BARRIER,0
BARRIER,0
PUT,8
BARRIER,0
BARRIER,0
PUT,8
BARRIER,0
BARRIER,0
PUT,96
BARRIER,0
BARRIER,0
BARRIER,0
BARRIER,0
BARRIER,0
BARRIER,0
PUT,8
BARRIER,0
BARRIER,0
PUT,8
BARRIER,0
BARRIER,0
PUT,96
BARRIER,0
BARRIER,0
BARRIER,0
BARRIER,0
BARRIER,0
BARRIER,0
PUT,8
BARRIER,0
BARRIER,0
PUT,8
BARRIER,0
BARRIER,0
PUT,96
BARRIER,0
BARRIER,0
BARRIER,0
BARRIER,0
BARRIER,0
BARRIER,0
PUT,8
BARRIER,0
BARRIER,0
PUT,8
BARRIER,0
BARRIER,0
PUT,96
BARRIER,0
BARRIER,0
BARRIER,0
BARRIER,0
BARRIER,0
BARRIER,0
PUT,8
BARRIER,0
BARRIER,0
PUT,8
BARRIER,0
BARRIER,0
PUT,96
BARRIER,0
BARRIER,0
BARRIER,0
BARRIER,0
BARRIER,0
BARRIER,0
PUT,8
BARRIER,0
BARRIER,0
PUT,8
BARRIER,0
BARRIER,0
PUT,96
BARRIER,0
BARRIER,0
BARRIER,0
BARRIER,0
BARRIER,0
BARRIER,0
PUT,8
BARRIER,0
BARRIER,0
PUT,8
BARRIER,0
BARRIER,0
PUT,96
BARRIER,0
BARRIER,0
BARRIER,0
BARRIER,0
BARRIER,0
BARRIER,0
PUT,8
BARRIER,0
BARRIER,0
PUT,8
BARRIER,0
BARRIER,0
PUT,96
BARRIER,0
BARRIER,0
BARRIER,0
BARRIER,0
BARRIER,0
BARRIER,0
PUT,8
BARRIER,0
BARRIER,0
PUT,8
BARRIER,0
BARRIER,0
PUT,96
BARRIER,0
BARRIER,0
BARRIER,0
BARRIER,0
BARRIER,0
BARRIER,0
PUT,8
BARRIER,0
BARRIER,0
PUT,8
BARRIER,0
BARRIER,0
PUT,96
BARRIER,0
BARRIER,0
BARRIER,0
BARRIER,0
BARRIER,0
BARRIER,0
PUT,8
BARRIER,0
BARRIER,0
PUT,8
BARRIER,0
BARRIER,0
PUT,96
BARRIER,0
BARRIER,0
BARRIER,0
BARRIER,0
BARRIER,0
BARRIER,0
PUT,8
BARRIER,0
BARRIER,0
PUT,8
BARRIER,0
BARRIER,0
PUT,96
BARRIER,0
BARRIER,0
BARRIER,0
BARRIER,0
PUT,800000
BARRIER,0
BARRIER,0
BARRIER,0
BARRIER,0
BARRIER,0
BARRIER,0
PUT,96
BARRIER,0
BARRIER,0
BARRIER,0
BARRIER,0
PUT,4
BARRIER,0
BARRIER,0
PUT,4
BARRIER,0
BARRIER,0
PUT,96
BARRIER,0
BARRIER,0
BARRIER,0
BARRIER,0
PUT,400000
BARRIER,0
BARRIER,0
BARRIER,0
BARRIER,0
BARRIER,0
BARRIER,0
